2026-08-25T16:31:22.453Z === run start === MAX_PER_PARSER=unlimited
2026-08-25T16:31:22.587Z WARN robots.txt for api.github.com returned 403 — no rules, proceeding
2026-08-25T16:31:22.755Z WARN robots.txt for raw.githubusercontent.com returned 404 — no rules, proceeding
2026-08-25T16:31:22.788Z spoolmandb: 415 listed, 0 already saved, 415 pending
2026-08-25T16:31:22.792Z spoolmandb ok PLA+ (nozzle 220°C / bed 60°C) https://raw.githubusercontent.com/Donkie/SpoolmanDB/master/filaments/3dfuel.json#0
2026-08-25T16:31:22.793Z spoolmandb ok ASA (nozzle 250°C / bed 100°C) https://raw.githubusercontent.com/Donkie/SpoolmanDB/master/filaments/3djake.json#0
2026-08-25T16:31:22.795Z spoolmandb ok PETG (nozzle 240°C / bed 90°C) https://raw.githubusercontent.com/Donkie/SpoolmanDB/master/filaments/3djake.json#1
2026-08-25T16:31:22.795Z spoolmandb ok PCTG (nozzle 260°C / bed 100°C) https://raw.githubusercontent.com/Donkie/SpoolmanDB/master/filaments/3djake.json#2
2026-08-25T16:31:22.797Z spoolmandb ok PLA (nozzle 215°C / bed 60°C) https://raw.githubusercontent.com/Donkie/SpoolmanDB/master/filaments/3djake.json#3
2026-08-25T16:31:22.798Z spoolmandb ok Silk PLA (nozzle 230°C / bed 60°C) https://raw.githubusercontent.com/Donkie/SpoolmanDB/master/filaments/3djake.json#4
2026-08-25T16:31:22.798Z spoolmandb ok CarbonX Carbon Fiber ABS (nozzle 230°C / bed 105°C) https://raw.githubusercontent.com/Donkie/SpoolmanDB/master/filaments/3dxtech.json#0
2026-08-25T16:31:22.798Z spoolmandb ok CarbonX Carbon Fiber ASA (nozzle 245°C / bed 100°C) https://raw.githubusercontent.com/Donkie/SpoolmanDB/master/filaments/3dxtech.json#1
2026-08-25T16:31:22.798Z spoolmandb ok CarbonX Carbon Fiber PA12 (nozzle 275°C / bed 100°C) https://raw.githubusercontent.com/Donkie/SpoolmanDB/master/filaments/3dxtech.json#2
2026-08-25T16:31:22.798Z spoolmandb ok CarbonX Carbon Fiber PC (nozzle 295°C / bed 115°C) https://raw.githubusercontent.com/Donkie/SpoolmanDB/master/filaments/3dxtech.json#3
2026-08-25T16:31:22.799Z spoolmandb ok CarbonX Carbon Fiber PETG (nozzle 245°C / bed 80°C) https://raw.githubusercontent.com/Donkie/SpoolmanDB/master/filaments/3dxtech.json#4
2026-08-25T16:31:22.799Z spoolmandb ok CarbonX Carbon Fiber PLA (nozzle 205°C / bed 41°C) https://raw.githubusercontent.com/Donkie/SpoolmanDB/master/filaments/3dxtech.json#5
2026-08-25T16:31:22.799Z spoolmandb ok Obsidian Carbon Fiber PA6 (nozzle 275°C / bed 100°C) https://raw.githubusercontent.com/Donkie/SpoolmanDB/master/filaments/3dxtech.json#6
2026-08-25T16:31:22.799Z spoolmandb ok CarbonX Carbon Fiber PA6 (nozzle 255°C / bed 95°C) https://raw.githubusercontent.com/Donkie/SpoolmanDB/master/filaments/3dxtech.json#7
2026-08-25T16:31:22.800Z spoolmandb ok 3DXTECH ABS (nozzle 230°C / bed 105°C) https://raw.githubusercontent.com/Donkie/SpoolmanDB/master/filaments/3dxtech.json#8
2026-08-25T16:31:22.801Z spoolmandb ok 3DXMAX ASA (nozzle 245°C / bed 100°C) https://raw.githubusercontent.com/Donkie/SpoolmanDB/master/filaments/3dxtech.json#9
2026-08-25T16:31:22.801Z spoolmandb ok ezPC (nozzle 265°C / bed 100°C) https://raw.githubusercontent.com/Donkie/SpoolmanDB/master/filaments/3dxtech.json#10
2026-08-25T16:31:22.801Z spoolmandb ok 3DXMAX HIPS (nozzle 227°C / bed 105°C) https://raw.githubusercontent.com/Donkie/SpoolmanDB/master/filaments/3dxtech.json#11
2026-08-25T16:31:22.801Z spoolmandb ok 3DXMAX PC (nozzle 295°C / bed 115°C) https://raw.githubusercontent.com/Donkie/SpoolmanDB/master/filaments/3dxtech.json#12
2026-08-25T16:31:22.801Z spoolmandb ok 3DXMAX PC ABS (nozzle 280°C / bed 115°C) https://raw.githubusercontent.com/Donkie/SpoolmanDB/master/filaments/3dxtech.json#13
2026-08-25T16:31:22.801Z spoolmandb ok CarbonX ezPC Carbon Fiber (nozzle 270°C / bed 90°C) https://raw.githubusercontent.com/Donkie/SpoolmanDB/master/filaments/3dxtech.json#14
2026-08-25T16:31:22.802Z spoolmandb ok Obsidian Glass Fiber PA6 (nozzle 275°C / bed 100°C) https://raw.githubusercontent.com/Donkie/SpoolmanDB/master/filaments/3dxtech.json#15
2026-08-25T16:31:22.802Z spoolmandb ok PLA (nozzle 220°C / bed 55°C) https://raw.githubusercontent.com/Donkie/SpoolmanDB/master/filaments/AmazonBasics.json#0
2026-08-25T16:31:22.802Z spoolmandb ok ABS (nozzle 255°C / bed 90°C) https://raw.githubusercontent.com/Donkie/SpoolmanDB/master/filaments/AmazonBasics.json#1
2026-08-25T16:31:22.803Z spoolmandb ok Silk PLA (nozzle 220°C / bed 60°C) https://raw.githubusercontent.com/Donkie/SpoolmanDB/master/filaments/AmazonBasics.json#2
2026-08-25T16:31:22.803Z spoolmandb ok PETG (nozzle 240°C / bed 70°C) https://raw.githubusercontent.com/Donkie/SpoolmanDB/master/filaments/AmazonBasics.json#3
2026-08-25T16:31:22.806Z spoolmandb ok PLA (nozzle 220°C / bed 55°C) https://raw.githubusercontent.com/Donkie/SpoolmanDB/master/filaments/AzureFilm.json#0
2026-08-25T16:31:22.808Z spoolmandb ok Silk PLA (nozzle 230°C / bed 80°C) https://raw.githubusercontent.com/Donkie/SpoolmanDB/master/filaments/AzureFilm.json#1
2026-08-25T16:31:22.808Z spoolmandb ok Glitter PLA (nozzle 225°C / bed 55°C) https://raw.githubusercontent.com/Donkie/SpoolmanDB/master/filaments/AzureFilm.json#2
2026-08-25T16:31:22.810Z spoolmandb ok Matte PLA (nozzle 215°C / bed 60°C) https://raw.githubusercontent.com/Donkie/SpoolmanDB/master/filaments/AzureFilm.json#3
2026-08-25T16:31:22.812Z spoolmandb ok Prime PLA (nozzle 230°C / bed 60°C) https://raw.githubusercontent.com/Donkie/SpoolmanDB/master/filaments/AzureFilm.json#4
2026-08-25T16:31:22.817Z spoolmandb ok PETG (nozzle 230°C / bed 80°C) https://raw.githubusercontent.com/Donkie/SpoolmanDB/master/filaments/AzureFilm.json#5
2026-08-25T16:31:22.818Z spoolmandb ok PCTG (nozzle 250°C / bed 80°C) https://raw.githubusercontent.com/Donkie/SpoolmanDB/master/filaments/AzureFilm.json#6
2026-08-25T16:31:22.818Z spoolmandb ok Original ASA (nozzle 250°C / bed 100°C) https://raw.githubusercontent.com/Donkie/SpoolmanDB/master/filaments/AzureFilm.json#7
2026-08-25T16:31:22.819Z spoolmandb ok Prime ASA (nozzle 245°C / bed 90°C) https://raw.githubusercontent.com/Donkie/SpoolmanDB/master/filaments/AzureFilm.json#8
2026-08-25T16:31:22.820Z spoolmandb ok Plus ABS (nozzle 250°C / bed 110°C) https://raw.githubusercontent.com/Donkie/SpoolmanDB/master/filaments/AzureFilm.json#9
2026-08-25T16:31:22.821Z spoolmandb ok Prime ABS (nozzle 250°C / bed 90°C) https://raw.githubusercontent.com/Donkie/SpoolmanDB/master/filaments/AzureFilm.json#10
2026-08-25T16:31:22.823Z spoolmandb ok 85A TPU (nozzle 230°C / bed 60°C) https://raw.githubusercontent.com/Donkie/SpoolmanDB/master/filaments/AzureFilm.json#11
2026-08-25T16:31:22.825Z spoolmandb ok 98A TPU (nozzle 230°C / bed 60°C) https://raw.githubusercontent.com/Donkie/SpoolmanDB/master/filaments/AzureFilm.json#12
2026-08-25T16:31:22.826Z spoolmandb ok Carbon Fiber CF (nozzle 260°C / bed 85°C) https://raw.githubusercontent.com/Donkie/SpoolmanDB/master/filaments/AzureFilm.json#13
2026-08-25T16:31:22.827Z spoolmandb ok Carbon Fiber CF (nozzle 280°C / bed 110°C) https://raw.githubusercontent.com/Donkie/SpoolmanDB/master/filaments/AzureFilm.json#14
2026-08-25T16:31:22.827Z spoolmandb ok PC ABS (nozzle 270°C / bed 110°C) https://raw.githubusercontent.com/Donkie/SpoolmanDB/master/filaments/AzureFilm.json#15
2026-08-25T16:31:22.832Z spoolmandb ok PLA+ (nozzle 215°C / bed 50°C) https://raw.githubusercontent.com/Donkie/SpoolmanDB/master/filaments/Numakers.json#0
2026-08-25T16:31:22.834Z spoolmandb ok PETG (nozzle 240°C / bed 85°C) https://raw.githubusercontent.com/Donkie/SpoolmanDB/master/filaments/Numakers.json#1
2026-08-25T16:31:22.834Z spoolmandb ok Wood PLA+ (nozzle 210°C / bed 60°C) https://raw.githubusercontent.com/Donkie/SpoolmanDB/master/filaments/Numakers.json#2
2026-08-25T16:31:22.835Z spoolmandb ok Marble PLA+ (nozzle 215°C / bed 50°C) https://raw.githubusercontent.com/Donkie/SpoolmanDB/master/filaments/Numakers.json#3
2026-08-25T16:31:22.835Z spoolmandb ok SILK PLA (nozzle 215°C / bed 60°C) https://raw.githubusercontent.com/Donkie/SpoolmanDB/master/filaments/Numakers.json#4
2026-08-25T16:31:22.836Z spoolmandb ok ABS (nozzle 250°C / bed 95°C) https://raw.githubusercontent.com/Donkie/SpoolmanDB/master/filaments/Numakers.json#6
2026-08-25T16:31:22.837Z spoolmandb ok ASA (nozzle 250°C / bed 95°C) https://raw.githubusercontent.com/Donkie/SpoolmanDB/master/filaments/Numakers.json#7
2026-08-25T16:31:22.837Z spoolmandb ok PLA (nozzle 215°C / bed 50°C) https://raw.githubusercontent.com/Donkie/SpoolmanDB/master/filaments/abaflex.json#0
2026-08-25T16:31:22.838Z spoolmandb ok rABS (nozzle 245°C / bed 105°C) https://raw.githubusercontent.com/Donkie/SpoolmanDB/master/filaments/addnorth.json#0
2026-08-25T16:31:22.839Z spoolmandb ok Addlantis PA (nozzle 275°C / bed 90°C) https://raw.githubusercontent.com/Donkie/SpoolmanDB/master/filaments/addnorth.json#1
2026-08-25T16:31:22.839Z spoolmandb ok Adura PA (nozzle 260°C / bed 50°C) https://raw.githubusercontent.com/Donkie/SpoolmanDB/master/filaments/addnorth.json#2
2026-08-25T16:31:22.840Z spoolmandb ok Adura FDA PA (nozzle 260°C / bed 50°C) https://raw.githubusercontent.com/Donkie/SpoolmanDB/master/filaments/addnorth.json#3
2026-08-25T16:31:22.840Z spoolmandb ok Adura X PA-CF (nozzle 270°C / bed 60°C) https://raw.githubusercontent.com/Donkie/SpoolmanDB/master/filaments/addnorth.json#4
2026-08-25T16:31:22.841Z spoolmandb ok PC Blend HT LCF (nozzle 280°C / bed 110°C) https://raw.githubusercontent.com/Donkie/SpoolmanDB/master/filaments/addnorth.json#5
2026-08-25T16:31:22.841Z spoolmandb ok ESD PETG (nozzle 260°C / bed 80°C) https://raw.githubusercontent.com/Donkie/SpoolmanDB/master/filaments/addnorth.json#6
2026-08-25T16:31:22.842Z spoolmandb ok PETG (nozzle 245°C / bed 70°C) https://raw.githubusercontent.com/Donkie/SpoolmanDB/master/filaments/addnorth.json#7
2026-08-25T16:31:22.842Z spoolmandb ok PETG (nozzle 245°C / bed 70°C) https://raw.githubusercontent.com/Donkie/SpoolmanDB/master/filaments/addnorth.json#8
2026-08-25T16:31:22.843Z spoolmandb ok PETG (nozzle 245°C / bed 70°C) https://raw.githubusercontent.com/Donkie/SpoolmanDB/master/filaments/addnorth.json#9
2026-08-25T16:31:22.843Z spoolmandb ok PETG Economy (nozzle 245°C / bed 70°C) https://raw.githubusercontent.com/Donkie/SpoolmanDB/master/filaments/addnorth.json#10
2026-08-25T16:31:22.844Z spoolmandb ok PETG Flame Retardant V0 (nozzle 245°C / bed 70°C) https://raw.githubusercontent.com/Donkie/SpoolmanDB/master/filaments/addnorth.json#11
2026-08-25T16:31:22.844Z spoolmandb ok PETG PRO Matte (nozzle 245°C / bed 70°C) https://raw.githubusercontent.com/Donkie/SpoolmanDB/master/filaments/addnorth.json#12
2026-08-25T16:31:22.844Z spoolmandb ok rPETG Matte (nozzle 245°C / bed 70°C) https://raw.githubusercontent.com/Donkie/SpoolmanDB/master/filaments/addnorth.json#13
2026-08-25T16:31:22.845Z spoolmandb ok Rigid X PETG-CF (nozzle 255°C / bed 70°C) https://raw.githubusercontent.com/Donkie/SpoolmanDB/master/filaments/addnorth.json#14
2026-08-25T16:31:22.846Z spoolmandb ok Rigid X PETG-CF (nozzle 255°C / bed 70°C) https://raw.githubusercontent.com/Donkie/SpoolmanDB/master/filaments/addnorth.json#15
2026-08-25T16:31:22.846Z spoolmandb ok Adamant S1 PVDF (nozzle 250°C / bed 55°C) https://raw.githubusercontent.com/Donkie/SpoolmanDB/master/filaments/addnorth.json#16
2026-08-25T16:31:22.846Z spoolmandb ok Addbor N25 PA (nozzle 265°C / bed 60°C) https://raw.githubusercontent.com/Donkie/SpoolmanDB/master/filaments/addnorth.json#17
2026-08-25T16:31:22.849Z spoolmandb ok E-PLA (nozzle 215°C / bed 60°C) https://raw.githubusercontent.com/Donkie/SpoolmanDB/master/filaments/addnorth.json#18
2026-08-25T16:31:22.850Z spoolmandb ok E-PLA (nozzle 215°C / bed 60°C) https://raw.githubusercontent.com/Donkie/SpoolmanDB/master/filaments/addnorth.json#19
2026-08-25T16:31:22.850Z spoolmandb ok HT-PLA Pro Matte (nozzle 220°C / bed 70°C) https://raw.githubusercontent.com/Donkie/SpoolmanDB/master/filaments/addnorth.json#20
2026-08-25T16:31:22.851Z spoolmandb ok Koltron G1 PVDF GRAPHENE (nozzle 290°C / bed 60°C) https://raw.githubusercontent.com/Donkie/SpoolmanDB/master/filaments/addnorth.json#21
2026-08-25T16:31:22.851Z spoolmandb ok PLA Economy (nozzle 215°C / bed 60°C) https://raw.githubusercontent.com/Donkie/SpoolmanDB/master/filaments/addnorth.json#22
2026-08-25T16:31:22.851Z spoolmandb ok PLA Premium Silk (nozzle 230°C / bed 60°C) https://raw.githubusercontent.com/Donkie/SpoolmanDB/master/filaments/addnorth.json#23
2026-08-25T16:31:22.851Z spoolmandb ok PLA Wood (nozzle 215°C / bed 60°C) https://raw.githubusercontent.com/Donkie/SpoolmanDB/master/filaments/addnorth.json#24
2026-08-25T16:31:22.853Z spoolmandb ok Textura PLA (nozzle 215°C / bed 65°C) https://raw.githubusercontent.com/Donkie/SpoolmanDB/master/filaments/addnorth.json#25
2026-08-25T16:31:22.853Z spoolmandb ok Textura Flare PLA (nozzle 210°C / bed 60°C) https://raw.githubusercontent.com/Donkie/SpoolmanDB/master/filaments/addnorth.json#26
2026-08-25T16:31:22.854Z spoolmandb ok X-PLA (nozzle 200°C / bed 60°C) https://raw.githubusercontent.com/Donkie/SpoolmanDB/master/filaments/addnorth.json#27
2026-08-25T16:31:22.855Z spoolmandb ok X-PLA (nozzle 200°C / bed 60°C) https://raw.githubusercontent.com/Donkie/SpoolmanDB/master/filaments/addnorth.json#28
2026-08-25T16:31:22.855Z spoolmandb ok X-PLA (nozzle 200°C / bed 60°C) https://raw.githubusercontent.com/Donkie/SpoolmanDB/master/filaments/addnorth.json#29
2026-08-25T16:31:22.856Z spoolmandb ok X-PLA High Speed (nozzle 200°C / bed 60°C) https://raw.githubusercontent.com/Donkie/SpoolmanDB/master/filaments/addnorth.json#30
2026-08-25T16:31:22.856Z spoolmandb ok rPLA RE-ADD (nozzle 215°C / bed 60°C) https://raw.githubusercontent.com/Donkie/SpoolmanDB/master/filaments/addnorth.json#31
2026-08-25T16:31:22.856Z spoolmandb ok PLA CF (nozzle 200°C / bed 60°C) https://raw.githubusercontent.com/Donkie/SpoolmanDB/master/filaments/addnorth.json#32
2026-08-25T16:31:22.856Z spoolmandb ok EasyFlex TPU-95A (nozzle 240°C / bed 60°C) https://raw.githubusercontent.com/Donkie/SpoolmanDB/master/filaments/addnorth.json#33
2026-08-25T16:31:22.857Z spoolmandb ok TPU Pro Matte 85A TPU-85A (nozzle 240°C / bed 60°C) https://raw.githubusercontent.com/Donkie/SpoolmanDB/master/filaments/addnorth.json#34
2026-08-25T16:31:22.858Z spoolmandb ok TPU Pro Matte 85A TPU-85A (nozzle 240°C / bed 60°C) https://raw.githubusercontent.com/Donkie/SpoolmanDB/master/filaments/addnorth.json#35
2026-08-25T16:31:22.858Z spoolmandb ok TPU Pro Matte 95A TPU-95A (nozzle 240°C / bed 60°C) https://raw.githubusercontent.com/Donkie/SpoolmanDB/master/filaments/addnorth.json#36
2026-08-25T16:31:22.858Z spoolmandb ok TPU Pro Matte 95A TPU-95A (nozzle 240°C / bed 60°C) https://raw.githubusercontent.com/Donkie/SpoolmanDB/master/filaments/addnorth.json#37
2026-08-25T16:31:22.858Z spoolmandb ok Über ABS (nozzle 238°C / bed 93°C) https://raw.githubusercontent.com/Donkie/SpoolmanDB/master/filaments/ambrosia.json#0
2026-08-25T16:31:22.859Z spoolmandb ok ABS (nozzle 248°C / bed 95°C) https://raw.githubusercontent.com/Donkie/SpoolmanDB/master/filaments/ambrosia.json#1
2026-08-25T16:31:22.867Z spoolmandb ok ASA (nozzle 245°C / bed 108°C) https://raw.githubusercontent.com/Donkie/SpoolmanDB/master/filaments/ambrosia.json#2
2026-08-25T16:31:22.867Z spoolmandb ok ASA (nozzle 245°C / bed 108°C) https://raw.githubusercontent.com/Donkie/SpoolmanDB/master/filaments/ambrosia.json#3
2026-08-25T16:31:22.868Z spoolmandb ok ASA (nozzle 245°C / bed 108°C) https://raw.githubusercontent.com/Donkie/SpoolmanDB/master/filaments/ambrosia.json#4
2026-08-25T16:31:22.869Z spoolmandb ok Dolos Color Shifting ASA (nozzle 245°C / bed 108°C) https://raw.githubusercontent.com/Donkie/SpoolmanDB/master/filaments/ambrosia.json#5
2026-08-25T16:31:22.869Z spoolmandb ok ASA-CF (nozzle 265°C / bed 110°C) https://raw.githubusercontent.com/Donkie/SpoolmanDB/master/filaments/ambrosia.json#6
2026-08-25T16:31:22.871Z spoolmandb ok ASA-GF (nozzle 265°C / bed 110°C) https://raw.githubusercontent.com/Donkie/SpoolmanDB/master/filaments/ambrosia.json#7
2026-08-25T16:31:22.871Z spoolmandb ok PC-CF (nozzle 270°C / bed 108°C) https://raw.githubusercontent.com/Donkie/SpoolmanDB/master/filaments/ambrosia.json#8
2026-08-25T16:31:22.871Z spoolmandb ok PCABS (nozzle 265°C / bed 108°C) https://raw.githubusercontent.com/Donkie/SpoolmanDB/master/filaments/ambrosia.json#9
2026-08-25T16:31:22.871Z spoolmandb ok PETG (nozzle 243°C / bed 73°C) https://raw.githubusercontent.com/Donkie/SpoolmanDB/master/filaments/ambrosia.json#10
2026-08-25T16:31:22.875Z spoolmandb ok PLA (nozzle 205°C / bed 33°C) https://raw.githubusercontent.com/Donkie/SpoolmanDB/master/filaments/ambrosia.json#11
2026-08-25T16:31:22.879Z spoolmandb ok Dolos Color Shifting PLA (nozzle 205°C / bed 33°C) https://raw.githubusercontent.com/Donkie/SpoolmanDB/master/filaments/ambrosia.json#12
2026-08-25T16:31:22.879Z spoolmandb ok TPU (nozzle 205°C / bed 58°C) https://raw.githubusercontent.com/Donkie/SpoolmanDB/master/filaments/ambrosia.json#13
2026-08-25T16:31:22.881Z spoolmandb ok Silk PLA (nozzle 205°C / bed 33°C) https://raw.githubusercontent.com/Donkie/SpoolmanDB/master/filaments/ambrosia.json#15
2026-08-25T16:31:22.881Z spoolmandb ok PETG (nozzle 240°C / bed 70°C) https://raw.githubusercontent.com/Donkie/SpoolmanDB/master/filaments/anycubic.json#0
2026-08-25T16:31:22.881Z spoolmandb ok PLA (nozzle 210°C / bed 55°C) https://raw.githubusercontent.com/Donkie/SpoolmanDB/master/filaments/anycubic.json#1
2026-08-25T16:31:22.882Z spoolmandb ok Glow PLA (nozzle 210°C / bed 60°C) https://raw.githubusercontent.com/Donkie/SpoolmanDB/master/filaments/anycubic.json#2
2026-08-25T16:31:22.883Z spoolmandb ok Matte PLA (nozzle 210°C / bed 60°C) https://raw.githubusercontent.com/Donkie/SpoolmanDB/master/filaments/anycubic.json#3
2026-08-25T16:31:22.884Z spoolmandb ok Basic PLA (nozzle 210°C / bed 60°C) https://raw.githubusercontent.com/Donkie/SpoolmanDB/master/filaments/anycubic.json#4
2026-08-25T16:31:22.885Z spoolmandb ok PLA+ (nozzle 210°C / bed 55°C) https://raw.githubusercontent.com/Donkie/SpoolmanDB/master/filaments/anycubic.json#5
2026-08-25T16:31:22.885Z spoolmandb ok High Speed PLA (nozzle 210°C / bed 55°C) https://raw.githubusercontent.com/Donkie/SpoolmanDB/master/filaments/anycubic.json#6
2026-08-25T16:31:22.886Z spoolmandb ok Metal PLA (nozzle 210°C / bed 55°C) https://raw.githubusercontent.com/Donkie/SpoolmanDB/master/filaments/anycubic.json#7
2026-08-25T16:31:22.886Z spoolmandb ok TPU (nozzle 220°C / bed 55°C) https://raw.githubusercontent.com/Donkie/SpoolmanDB/master/filaments/anycubic.json#8
2026-08-25T16:31:22.886Z spoolmandb ok ABS (nozzle 260°C / bed 90°C) https://raw.githubusercontent.com/Donkie/SpoolmanDB/master/filaments/anycubic.json#9
2026-08-25T16:31:22.888Z spoolmandb ok PLA (nozzle 225°C / bed 50°C) https://raw.githubusercontent.com/Donkie/SpoolmanDB/master/filaments/aurapol.json#0
2026-08-25T16:31:22.889Z spoolmandb ok PETG (nozzle 250°C / bed 90°C) https://raw.githubusercontent.com/Donkie/SpoolmanDB/master/filaments/aurapol.json#1
2026-08-25T16:31:22.891Z spoolmandb ok ASA (nozzle 260°C / bed 110°C) https://raw.githubusercontent.com/Donkie/SpoolmanDB/master/filaments/aurapol.json#2
2026-08-25T16:31:22.892Z spoolmandb ok PLA (nozzle 220°C / bed 60°C) https://raw.githubusercontent.com/Donkie/SpoolmanDB/master/filaments/bambulab.json#0
2026-08-25T16:31:22.893Z spoolmandb ok PLA WOOD (nozzle 215°C / bed 40°C) https://raw.githubusercontent.com/Donkie/SpoolmanDB/master/filaments/bambulab.json#1
2026-08-25T16:31:22.895Z spoolmandb ok Matte PLA (nozzle 220°C / bed 60°C) https://raw.githubusercontent.com/Donkie/SpoolmanDB/master/filaments/bambulab.json#2
2026-08-25T16:31:22.895Z spoolmandb ok Tough+ PLA (nozzle 245°C / bed 55°C) https://raw.githubusercontent.com/Donkie/SpoolmanDB/master/filaments/bambulab.json#3
2026-08-25T16:31:22.896Z spoolmandb ok Silk PLA (nozzle 220°C / bed 60°C) https://raw.githubusercontent.com/Donkie/SpoolmanDB/master/filaments/bambulab.json#4
2026-08-25T16:31:22.897Z spoolmandb ok Silk+ PLA (nozzle 230°C / bed 55°C) https://raw.githubusercontent.com/Donkie/SpoolmanDB/master/filaments/bambulab.json#5
2026-08-25T16:31:22.898Z spoolmandb ok Metallic PLA (nozzle 220°C / bed 60°C) https://raw.githubusercontent.com/Donkie/SpoolmanDB/master/filaments/bambulab.json#6
2026-08-25T16:31:22.899Z spoolmandb ok Galaxy PLA (nozzle 220°C / bed 60°C) https://raw.githubusercontent.com/Donkie/SpoolmanDB/master/filaments/bambulab.json#7
2026-08-25T16:31:22.900Z spoolmandb ok Sparkle PLA (nozzle 220°C / bed 60°C) https://raw.githubusercontent.com/Donkie/SpoolmanDB/master/filaments/bambulab.json#8
2026-08-25T16:31:22.901Z spoolmandb ok PLA (nozzle 220°C / bed 60°C) https://raw.githubusercontent.com/Donkie/SpoolmanDB/master/filaments/bambulab.json#9
2026-08-25T16:31:22.901Z spoolmandb ok Glow PLA (nozzle 220°C / bed 60°C) https://raw.githubusercontent.com/Donkie/SpoolmanDB/master/filaments/bambulab.json#10
2026-08-25T16:31:22.903Z spoolmandb ok Translucent PLA (nozzle 220°C / bed 60°C) https://raw.githubusercontent.com/Donkie/SpoolmanDB/master/filaments/bambulab.json#11
2026-08-25T16:31:22.904Z spoolmandb ok PLA (nozzle 220°C / bed 40°C) https://raw.githubusercontent.com/Donkie/SpoolmanDB/master/filaments/bambulab.json#12
2026-08-25T16:31:22.906Z spoolmandb ok PLA (nozzle 220°C / bed 40°C) https://raw.githubusercontent.com/Donkie/SpoolmanDB/master/filaments/bambulab.json#13
2026-08-25T16:31:22.907Z spoolmandb ok PVA (nozzle 240°C / bed 55°C) https://raw.githubusercontent.com/Donkie/SpoolmanDB/master/filaments/bambulab.json#14
2026-08-25T16:31:22.907Z spoolmandb ok Support for ABS (nozzle 270°C / bed 90°C) https://raw.githubusercontent.com/Donkie/SpoolmanDB/master/filaments/bambulab.json#15
2026-08-25T16:31:22.908Z spoolmandb ok Support for PA (nozzle 290°C / bed 90°C) https://raw.githubusercontent.com/Donkie/SpoolmanDB/master/filaments/bambulab.json#16
2026-08-25T16:31:22.908Z spoolmandb ok Support for PLA/PETG (nozzle 210°C / bed 55°C) https://raw.githubusercontent.com/Donkie/SpoolmanDB/master/filaments/bambulab.json#17
2026-08-25T16:31:22.909Z spoolmandb ok Support for PLA (nozzle 225°C / bed 40°C) https://raw.githubusercontent.com/Donkie/SpoolmanDB/master/filaments/bambulab.json#18
2026-08-25T16:31:22.910Z spoolmandb ok PETG (nozzle 250°C / bed 70°C) https://raw.githubusercontent.com/Donkie/SpoolmanDB/master/filaments/bambulab.json#19
2026-08-25T16:31:22.912Z spoolmandb ok PETG (nozzle 250°C / bed 70°C) https://raw.githubusercontent.com/Donkie/SpoolmanDB/master/filaments/bambulab.json#20
2026-08-25T16:31:22.912Z spoolmandb ok HF PETG (nozzle 245°C / bed 70°C) https://raw.githubusercontent.com/Donkie/SpoolmanDB/master/filaments/bambulab.json#21
2026-08-25T16:31:22.913Z spoolmandb ok ABS (nozzle 250°C / bed 90°C) https://raw.githubusercontent.com/Donkie/SpoolmanDB/master/filaments/bambulab.json#22
2026-08-25T16:31:22.913Z spoolmandb ok ABS-GF (nozzle 250°C / bed 90°C) https://raw.githubusercontent.com/Donkie/SpoolmanDB/master/filaments/bambulab.json#23
2026-08-25T16:31:22.914Z spoolmandb ok ASA (nozzle 250°C / bed 90°C) https://raw.githubusercontent.com/Donkie/SpoolmanDB/master/filaments/bambulab.json#24
2026-08-25T16:31:22.915Z spoolmandb ok ASA (nozzle 250°C / bed 90°C) https://raw.githubusercontent.com/Donkie/SpoolmanDB/master/filaments/bambulab.json#25
2026-08-25T16:31:22.915Z spoolmandb ok PC (nozzle 250°C / bed 100°C) https://raw.githubusercontent.com/Donkie/SpoolmanDB/master/filaments/bambulab.json#26
2026-08-25T16:31:22.915Z spoolmandb ok FR PC (nozzle 270°C / bed 110°C) https://raw.githubusercontent.com/Donkie/SpoolmanDB/master/filaments/bambulab.json#27
2026-08-25T16:31:22.915Z spoolmandb ok TPU (nozzle 230°C / bed 30°C) https://raw.githubusercontent.com/Donkie/SpoolmanDB/master/filaments/bambulab.json#28
2026-08-25T16:31:22.916Z spoolmandb ok For AMS TPU (nozzle 230°C / bed 35°C) https://raw.githubusercontent.com/Donkie/SpoolmanDB/master/filaments/bambulab.json#29
2026-08-25T16:31:22.916Z spoolmandb ok HF TPU-95A (nozzle 230°C / bed 30°C) https://raw.githubusercontent.com/Donkie/SpoolmanDB/master/filaments/bambulab.json#30
2026-08-25T16:31:22.917Z spoolmandb ok TPU-90A (nozzle 230°C / bed 30°C) https://raw.githubusercontent.com/Donkie/SpoolmanDB/master/filaments/bambulab.json#31
2026-08-25T16:31:22.917Z spoolmandb ok TPU-85A (nozzle 230°C / bed 30°C) https://raw.githubusercontent.com/Donkie/SpoolmanDB/master/filaments/bambulab.json#32
2026-08-25T16:31:22.917Z spoolmandb ok PA6-GF (nozzle 270°C / bed 90°C) https://raw.githubusercontent.com/Donkie/SpoolmanDB/master/filaments/bambulab.json#33
2026-08-25T16:31:22.918Z spoolmandb ok PA6-CF (nozzle 270°C / bed 90°C) https://raw.githubusercontent.com/Donkie/SpoolmanDB/master/filaments/bambulab.json#34
2026-08-25T16:31:22.918Z spoolmandb ok PAHT-CF (nozzle 270°C / bed 90°C) https://raw.githubusercontent.com/Donkie/SpoolmanDB/master/filaments/bambulab.json#35
2026-08-25T16:31:22.919Z spoolmandb ok PETG-CF (nozzle 270°C / bed 75°C) https://raw.githubusercontent.com/Donkie/SpoolmanDB/master/filaments/bambulab.json#36
2026-08-25T16:31:22.919Z spoolmandb ok ASA-CF (nozzle 280°C / bed 100°C) https://raw.githubusercontent.com/Donkie/SpoolmanDB/master/filaments/bambulab.json#37
2026-08-25T16:31:22.920Z spoolmandb ok PET-CF (nozzle 270°C / bed 90°C) https://raw.githubusercontent.com/Donkie/SpoolmanDB/master/filaments/bambulab.json#38
2026-08-25T16:31:22.922Z spoolmandb ok PLA-CF (nozzle 240°C / bed 45°C) https://raw.githubusercontent.com/Donkie/SpoolmanDB/master/filaments/bambulab.json#39
2026-08-25T16:31:22.922Z spoolmandb ok PPS-CF (nozzle 320°C / bed 110°C) https://raw.githubusercontent.com/Donkie/SpoolmanDB/master/filaments/bambulab.json#40
2026-08-25T16:31:22.924Z spoolmandb ok ABS (nozzle 260°C / bed 105°C) https://raw.githubusercontent.com/Donkie/SpoolmanDB/master/filaments/catyarn.json#0
2026-08-25T16:31:22.924Z spoolmandb ok ABS+ (nozzle 250°C / bed 90°C) https://raw.githubusercontent.com/Donkie/SpoolmanDB/master/filaments/cc3d.json#0
2026-08-25T16:31:22.924Z spoolmandb ok PETG (nozzle 245°C / bed 80°C) https://raw.githubusercontent.com/Donkie/SpoolmanDB/master/filaments/cc3d.json#1
2026-08-25T16:31:22.926Z spoolmandb ok Silk PLA (nozzle 210°C / bed 50°C) https://raw.githubusercontent.com/Donkie/SpoolmanDB/master/filaments/cc3d.json#2
2026-08-25T16:31:22.930Z spoolmandb ok PETG (nozzle 240°C / bed 85°C) https://raw.githubusercontent.com/Donkie/SpoolmanDB/master/filaments/closin.json#0
2026-08-25T16:31:22.933Z spoolmandb ok PETG (nozzle 255°C / bed 80°C) https://raw.githubusercontent.com/Donkie/SpoolmanDB/master/filaments/cr3d.json#0
2026-08-25T16:31:22.935Z spoolmandb ok ABS (nozzle 260°C / bed 110°C) https://raw.githubusercontent.com/Donkie/SpoolmanDB/master/filaments/cr3d.json#1
2026-08-25T16:31:22.935Z spoolmandb ok ABS FibCR20 ABS GF20 (nozzle 270°C / bed 100°C) https://raw.githubusercontent.com/Donkie/SpoolmanDB/master/filaments/cr3d.json#2
2026-08-25T16:31:22.936Z spoolmandb ok Hyper PLA (nozzle 210°C / bed 60°C) https://raw.githubusercontent.com/Donkie/SpoolmanDB/master/filaments/creality.json#0
2026-08-25T16:31:22.936Z spoolmandb ok Hyper RFID PLA (nozzle 210°C / bed 60°C) https://raw.githubusercontent.com/Donkie/SpoolmanDB/master/filaments/creality.json#1
2026-08-25T16:31:22.936Z spoolmandb ok Hyper ABS (nozzle 260°C / bed 80°C) https://raw.githubusercontent.com/Donkie/SpoolmanDB/master/filaments/creality.json#2
2026-08-25T16:31:22.936Z spoolmandb ok PLA (nozzle 210°C / bed 60°C) https://raw.githubusercontent.com/Donkie/SpoolmanDB/master/filaments/creality.json#3
2026-08-25T16:31:22.937Z spoolmandb ok Ender-PLA (nozzle 220°C / bed 55°C) https://raw.githubusercontent.com/Donkie/SpoolmanDB/master/filaments/creality.json#4
2026-08-25T16:31:22.937Z spoolmandb ok CR-PETG (nozzle 240°C / bed 60°C) https://raw.githubusercontent.com/Donkie/SpoolmanDB/master/filaments/creality.json#5
2026-08-25T16:31:22.939Z spoolmandb ok PLA (nozzle 220°C / bed 60°C) https://raw.githubusercontent.com/Donkie/SpoolmanDB/master/filaments/dasfilament.json#0
2026-08-25T16:31:22.942Z spoolmandb ok Refill PLA (nozzle 220°C / bed 60°C) https://raw.githubusercontent.com/Donkie/SpoolmanDB/master/filaments/dasfilament.json#1
2026-08-25T16:31:22.946Z spoolmandb ok PETG (nozzle 230°C / bed 75°C) https://raw.githubusercontent.com/Donkie/SpoolmanDB/master/filaments/dasfilament.json#2
2026-08-25T16:31:22.948Z spoolmandb ok Refill PETG (nozzle 230°C / bed 75°C) https://raw.githubusercontent.com/Donkie/SpoolmanDB/master/filaments/dasfilament.json#3
2026-08-25T16:31:22.950Z spoolmandb ok PLA+ (nozzle 220°C / bed 60°C) https://raw.githubusercontent.com/Donkie/SpoolmanDB/master/filaments/deeplee.json#0
2026-08-25T16:31:22.953Z spoolmandb ok PLA (nozzle 220°C / bed 60°C) https://raw.githubusercontent.com/Donkie/SpoolmanDB/master/filaments/devildesign.json#0
2026-08-25T16:31:22.955Z spoolmandb ok PETG (nozzle 230°C / bed 80°C) https://raw.githubusercontent.com/Donkie/SpoolmanDB/master/filaments/devildesign.json#1
2026-08-25T16:31:22.956Z spoolmandb ok PETG (nozzle 230°C / bed 80°C) https://raw.githubusercontent.com/Donkie/SpoolmanDB/master/filaments/devildesign.json#2
2026-08-25T16:31:22.957Z spoolmandb ok SILK PLA (nozzle 235°C / bed 60°C) https://raw.githubusercontent.com/Donkie/SpoolmanDB/master/filaments/devildesign.json#3
2026-08-25T16:31:22.958Z spoolmandb ok ABS+ (nozzle 235°C / bed 100°C) https://raw.githubusercontent.com/Donkie/SpoolmanDB/master/filaments/devildesign.json#4
2026-08-25T16:31:22.958Z spoolmandb ok ASA (nozzle 235°C / bed 100°C) https://raw.githubusercontent.com/Donkie/SpoolmanDB/master/filaments/devildesign.json#5
2026-08-25T16:31:22.959Z spoolmandb ok HIPS (nozzle 235°C / bed 100°C) https://raw.githubusercontent.com/Donkie/SpoolmanDB/master/filaments/devildesign.json#6
2026-08-25T16:31:22.959Z spoolmandb ok TPU-55D (nozzle 220°C / bed 60°C) https://raw.githubusercontent.com/Donkie/SpoolmanDB/master/filaments/devildesign.json#7
2026-08-25T16:31:22.959Z spoolmandb ok RAPID PETG (nozzle 245°C / bed 80°C) https://raw.githubusercontent.com/Donkie/SpoolmanDB/master/filaments/elegoo.json#0
2026-08-25T16:31:22.960Z spoolmandb ok PETG PRO (nozzle 235°C / bed 75°C) https://raw.githubusercontent.com/Donkie/SpoolmanDB/master/filaments/elegoo.json#1
2026-08-25T16:31:22.961Z spoolmandb ok PLA (nozzle 210°C / bed 60°C) https://raw.githubusercontent.com/Donkie/SpoolmanDB/master/filaments/elegoo.json#2
2026-08-25T16:31:22.962Z spoolmandb ok Silk PLA (nozzle 220°C / bed 60°C) https://raw.githubusercontent.com/Donkie/SpoolmanDB/master/filaments/elegoo.json#3
2026-08-25T16:31:22.962Z spoolmandb ok Matte PLA (nozzle 210°C / bed 60°C) https://raw.githubusercontent.com/Donkie/SpoolmanDB/master/filaments/elegoo.json#4
2026-08-25T16:31:22.963Z spoolmandb ok PLA+ (nozzle 210°C / bed 60°C) https://raw.githubusercontent.com/Donkie/SpoolmanDB/master/filaments/elegoo.json#5
2026-08-25T16:31:22.963Z spoolmandb ok RAPID PLA+ (nozzle 210°C / bed 60°C) https://raw.githubusercontent.com/Donkie/SpoolmanDB/master/filaments/elegoo.json#6
2026-08-25T16:31:22.964Z spoolmandb ok ASA (nozzle 265°C / bed 95°C) https://raw.githubusercontent.com/Donkie/SpoolmanDB/master/filaments/elegoo.json#7
2026-08-25T16:31:22.964Z spoolmandb ok Silk PLA (nozzle 220°C / bed 60°C) https://raw.githubusercontent.com/Donkie/SpoolmanDB/master/filaments/eryone.json#0
2026-08-25T16:31:22.965Z spoolmandb ok PLA (nozzle 210°C / bed 50°C) https://raw.githubusercontent.com/Donkie/SpoolmanDB/master/filaments/eryone.json#1
2026-08-25T16:31:22.965Z spoolmandb ok PETG (nozzle 240°C / bed 80°C) https://raw.githubusercontent.com/Donkie/SpoolmanDB/master/filaments/eryone.json#2
2026-08-25T16:31:22.966Z spoolmandb ok PLA-Basic (nozzle 220°C / bed 60°C) https://raw.githubusercontent.com/Donkie/SpoolmanDB/master/filaments/esun.json#0
2026-08-25T16:31:22.968Z spoolmandb ok PLA+ (nozzle 220°C / bed 60°C) https://raw.githubusercontent.com/Donkie/SpoolmanDB/master/filaments/esun.json#1
2026-08-25T16:31:22.968Z spoolmandb ok PLA (nozzle 220°C / bed 60°C) https://raw.githubusercontent.com/Donkie/SpoolmanDB/master/filaments/esun.json#2
2026-08-25T16:31:22.968Z spoolmandb ok ePLA HS (nozzle 220°C / bed 60°C) https://raw.githubusercontent.com/Donkie/SpoolmanDB/master/filaments/esun.json#3
2026-08-25T16:31:22.969Z spoolmandb ok ePLA-Silk (nozzle 210°C / bed 50°C) https://raw.githubusercontent.com/Donkie/SpoolmanDB/master/filaments/esun.json#4
2026-08-25T16:31:22.970Z spoolmandb ok PLA-Silk Mystic (nozzle 210°C / bed 60°C) https://raw.githubusercontent.com/Donkie/SpoolmanDB/master/filaments/esun.json#5
2026-08-25T16:31:22.971Z spoolmandb ok PLA-lite (nozzle 220°C / bed 60°C) https://raw.githubusercontent.com/Donkie/SpoolmanDB/master/filaments/esun.json#6
2026-08-25T16:31:22.971Z spoolmandb ok PLA-Matte (nozzle 220°C / bed 60°C) https://raw.githubusercontent.com/Donkie/SpoolmanDB/master/filaments/esun.json#7
2026-08-25T16:31:22.972Z spoolmandb ok PLA-Silk Magic (nozzle 220°C / bed 60°C) https://raw.githubusercontent.com/Donkie/SpoolmanDB/master/filaments/esun.json#8
2026-08-25T16:31:22.972Z spoolmandb ok PLA-Luminous (nozzle 220°C / bed 60°C) https://raw.githubusercontent.com/Donkie/SpoolmanDB/master/filaments/esun.json#9
2026-08-25T16:31:22.974Z spoolmandb ok PETG (nozzle 240°C / bed 80°C) https://raw.githubusercontent.com/Donkie/SpoolmanDB/master/filaments/esun.json#10
2026-08-25T16:31:22.974Z spoolmandb ok ABS+ (nozzle 240°C / bed 100°C) https://raw.githubusercontent.com/Donkie/SpoolmanDB/master/filaments/esun.json#11
2026-08-25T16:31:22.974Z spoolmandb ok TPU-95A (nozzle 240°C / bed 60°C) https://raw.githubusercontent.com/Donkie/SpoolmanDB/master/filaments/esun.json#13
2026-08-25T16:31:22.975Z spoolmandb ok BIOFUSION (nozzle 230°C / bed 60°C) https://raw.githubusercontent.com/Donkie/SpoolmanDB/master/filaments/extrudr.json#0
2026-08-25T16:31:22.975Z spoolmandb ok DuraPro ABS (nozzle 250°C / bed 110°C) https://raw.githubusercontent.com/Donkie/SpoolmanDB/master/filaments/extrudr.json#1
2026-08-25T16:31:22.976Z spoolmandb ok DuraPro ASA (nozzle 250°C / bed 110°C) https://raw.githubusercontent.com/Donkie/SpoolmanDB/master/filaments/extrudr.json#2
2026-08-25T16:31:22.976Z spoolmandb ok DuraPro ASA-CF (nozzle 260°C / bed 110°C) https://raw.githubusercontent.com/Donkie/SpoolmanDB/master/filaments/extrudr.json#3
2026-08-25T16:31:22.976Z spoolmandb ok DuraPro ASA-GF (nozzle 240°C / bed 110°C) https://raw.githubusercontent.com/Donkie/SpoolmanDB/master/filaments/extrudr.json#4
2026-08-25T16:31:22.976Z spoolmandb ok DuraPro PA12 (nozzle 290°C / bed 110°C) https://raw.githubusercontent.com/Donkie/SpoolmanDB/master/filaments/extrudr.json#5
2026-08-25T16:31:22.976Z spoolmandb ok DuraPro PA12-CF (nozzle 290°C / bed 110°C) https://raw.githubusercontent.com/Donkie/SpoolmanDB/master/filaments/extrudr.json#6
2026-08-25T16:31:22.977Z spoolmandb ok DuraPro PCPBT (nozzle 290°C / bed 110°C) https://raw.githubusercontent.com/Donkie/SpoolmanDB/master/filaments/extrudr.json#7
2026-08-25T16:31:22.977Z spoolmandb ok DuraPro PCPBT-CF (nozzle 290°C / bed 110°C) https://raw.githubusercontent.com/Donkie/SpoolmanDB/master/filaments/extrudr.json#8
2026-08-25T16:31:22.977Z spoolmandb ok PCTG (nozzle 270°C / bed 110°C) https://raw.githubusercontent.com/Donkie/SpoolmanDB/master/filaments/extrudr.json#9
2026-08-25T16:31:22.977Z spoolmandb ok FLAX (nozzle 240°C / bed 60°C) https://raw.githubusercontent.com/Donkie/SpoolmanDB/master/filaments/extrudr.json#10
2026-08-25T16:31:22.977Z spoolmandb ok GREENTEC (nozzle 230°C / bed 90°C) https://raw.githubusercontent.com/Donkie/SpoolmanDB/master/filaments/extrudr.json#11
2026-08-25T16:31:22.978Z spoolmandb ok Pro GREENTEC (nozzle 230°C / bed 90°C) https://raw.githubusercontent.com/Donkie/SpoolmanDB/master/filaments/extrudr.json#12
2026-08-25T16:31:22.979Z spoolmandb ok Pro GREENTEC-CF (nozzle 250°C / bed 90°C) https://raw.githubusercontent.com/Donkie/SpoolmanDB/master/filaments/extrudr.json#13
2026-08-25T16:31:22.979Z spoolmandb ok PEARL (nozzle 210°C / bed 60°C) https://raw.githubusercontent.com/Donkie/SpoolmanDB/master/filaments/extrudr.json#14
2026-08-25T16:31:22.979Z spoolmandb ok WOOD (nozzle 210°C / bed 60°C) https://raw.githubusercontent.com/Donkie/SpoolmanDB/master/filaments/extrudr.json#15
2026-08-25T16:31:22.980Z spoolmandb ok Basic PLA (nozzle 250°C / bed 110°C) https://raw.githubusercontent.com/Donkie/SpoolmanDB/master/filaments/extrudr.json#16
2026-08-25T16:31:22.984Z spoolmandb ok NX2-MATT PLA (nozzle 230°C / bed 60°C) https://raw.githubusercontent.com/Donkie/SpoolmanDB/master/filaments/extrudr.json#17
2026-08-25T16:31:22.985Z spoolmandb ok PETG (nozzle 230°C / bed 90°C) https://raw.githubusercontent.com/Donkie/SpoolmanDB/master/filaments/extrudr.json#18
2026-08-25T16:31:22.985Z spoolmandb ok PETG (nozzle 230°C / bed 70°C) https://raw.githubusercontent.com/Donkie/SpoolmanDB/master/filaments/extrudr.json#19
2026-08-25T16:31:22.985Z spoolmandb ok X PETG-CF (nozzle 250°C / bed 90°C) https://raw.githubusercontent.com/Donkie/SpoolmanDB/master/filaments/extrudr.json#20
2026-08-25T16:31:22.986Z spoolmandb ok MATT PETG (nozzle 240°C / bed 90°C) https://raw.githubusercontent.com/Donkie/SpoolmanDB/master/filaments/extrudr.json#21
2026-08-25T16:31:22.987Z spoolmandb ok X - REC PETG (nozzle 260°C / bed 100°C) https://raw.githubusercontent.com/Donkie/SpoolmanDB/master/filaments/extrudr.json#22
2026-08-25T16:31:22.987Z spoolmandb ok FLEX - Hard TPU (nozzle 260°C / bed 90°C) https://raw.githubusercontent.com/Donkie/SpoolmanDB/master/filaments/extrudr.json#23
2026-08-25T16:31:22.987Z spoolmandb ok FLEX - - Hard TPU-CF (nozzle 260°C / bed 90°C) https://raw.githubusercontent.com/Donkie/SpoolmanDB/master/filaments/extrudr.json#24
2026-08-25T16:31:22.988Z spoolmandb ok FLEX - - Medium TPU (nozzle 250°C / bed 90°C) https://raw.githubusercontent.com/Donkie/SpoolmanDB/master/filaments/extrudr.json#25
2026-08-25T16:31:22.988Z spoolmandb ok FLEX - - Medium-ESD TPU (nozzle 250°C / bed 60°C) https://raw.githubusercontent.com/Donkie/SpoolmanDB/master/filaments/extrudr.json#26
2026-08-25T16:31:22.989Z spoolmandb ok FLEX - - Semisoft TPU (nozzle 250°C / bed 90°C) https://raw.githubusercontent.com/Donkie/SpoolmanDB/master/filaments/extrudr.json#27
2026-08-25T16:31:22.990Z spoolmandb ok ASA (nozzle 260°C / bed 110°C) https://raw.githubusercontent.com/Donkie/SpoolmanDB/master/filaments/fiberlogy.json#0
2026-08-25T16:31:22.994Z spoolmandb ok PLA+ (nozzle 220°C / bed 60°C) https://raw.githubusercontent.com/Donkie/SpoolmanDB/master/filaments/filamentunger.json#0
2026-08-25T16:31:22.995Z spoolmandb ok PETG (nozzle 230°C / bed 80°C) https://raw.githubusercontent.com/Donkie/SpoolmanDB/master/filaments/filamentunger.json#1
2026-08-25T16:31:22.995Z spoolmandb ok ABS+ (nozzle 260°C / bed 100°C) https://raw.githubusercontent.com/Donkie/SpoolmanDB/master/filaments/filamentunger.json#2
2026-08-25T16:31:22.997Z spoolmandb ok Extrafill ASA (nozzle 250°C / bed 95°C) https://raw.githubusercontent.com/Donkie/SpoolmanDB/master/filaments/fillamentum.json#0
2026-08-25T16:31:22.998Z spoolmandb ok Extrafill PLA (nozzle 200°C / bed 55°C) https://raw.githubusercontent.com/Donkie/SpoolmanDB/master/filaments/fillamentum.json#1
2026-08-25T16:31:22.998Z spoolmandb ok PLA (nozzle 210°C / bed 60°C) https://raw.githubusercontent.com/Donkie/SpoolmanDB/master/filaments/flashforge.json#0
2026-08-25T16:31:22.998Z spoolmandb ok Starter PLA (nozzle 210°C / bed 60°C) https://raw.githubusercontent.com/Donkie/SpoolmanDB/master/filaments/flashforge.json#1
2026-08-25T16:31:22.999Z spoolmandb ok PLA Pro (nozzle 210°C / bed 60°C) https://raw.githubusercontent.com/Donkie/SpoolmanDB/master/filaments/flashforge.json#2
2026-08-25T16:31:23.000Z spoolmandb ok EasyFil PLA (nozzle 215°C / bed 55°C) https://raw.githubusercontent.com/Donkie/SpoolmanDB/master/filaments/formfutura.json#0
2026-08-25T16:31:23.002Z spoolmandb ok EasyFil ePLA (nozzle 210°C / bed 55°C) https://raw.githubusercontent.com/Donkie/SpoolmanDB/master/filaments/formfutura.json#1
2026-08-25T16:31:23.003Z spoolmandb ok ReForm - rPET PETG (nozzle 220°C / bed 70°C) https://raw.githubusercontent.com/Donkie/SpoolmanDB/master/filaments/formfutura.json#2
2026-08-25T16:31:23.005Z spoolmandb ok ABS 1.5 (matte) (nozzle 280°C / bed 95°C) https://raw.githubusercontent.com/Donkie/SpoolmanDB/master/filaments/fusion.json#0
2026-08-25T16:31:23.006Z spoolmandb ok ABS 2.0 (gloss) (nozzle 255°C / bed 95°C) https://raw.githubusercontent.com/Donkie/SpoolmanDB/master/filaments/fusion.json#1
2026-08-25T16:31:23.009Z spoolmandb ok HTPLA+ (nozzle 233°C / bed 63°C) https://raw.githubusercontent.com/Donkie/SpoolmanDB/master/filaments/fusion.json#2
2026-08-25T16:31:23.010Z spoolmandb ok ASA (Engineering) (nozzle 290°C / bed 105°C) https://raw.githubusercontent.com/Donkie/SpoolmanDB/master/filaments/fusion.json#3
2026-08-25T16:31:23.010Z spoolmandb ok PLA (nozzle 205°C / bed 60°C) https://raw.githubusercontent.com/Donkie/SpoolmanDB/master/filaments/geeetech.json#0
2026-08-25T16:31:23.011Z spoolmandb ok Luminous PLA (nozzle 210°C / bed 60°C) https://raw.githubusercontent.com/Donkie/SpoolmanDB/master/filaments/geeetech.json#1
2026-08-25T16:31:23.011Z spoolmandb ok Matte PLA (nozzle 220°C / bed 60°C) https://raw.githubusercontent.com/Donkie/SpoolmanDB/master/filaments/geeetech.json#2
2026-08-25T16:31:23.017Z spoolmandb ok PETG (nozzle 230°C / bed 85°C) https://raw.githubusercontent.com/Donkie/SpoolmanDB/master/filaments/geeetech.json#3
2026-08-25T16:31:23.018Z spoolmandb ok ABS (nozzle 233°C / bed 80°C) https://raw.githubusercontent.com/Donkie/SpoolmanDB/master/filaments/gembird.json#0
2026-08-25T16:31:23.022Z spoolmandb ok PLA+ (nozzle 210°C / bed 60°C) https://raw.githubusercontent.com/Donkie/SpoolmanDB/master/filaments/gst3d.json#0
2026-08-25T16:31:23.022Z spoolmandb ok PETG (nozzle 240°C / bed 70°C) https://raw.githubusercontent.com/Donkie/SpoolmanDB/master/filaments/gst3d.json#1
2026-08-25T16:31:23.023Z spoolmandb ok PETG-CF (nozzle 240°C / bed 70°C) https://raw.githubusercontent.com/Donkie/SpoolmanDB/master/filaments/gst3d.json#2
2026-08-25T16:31:23.024Z spoolmandb ok 93A TPU (nozzle 230°C / bed 65°C) https://raw.githubusercontent.com/Donkie/SpoolmanDB/master/filaments/gst3d.json#3
2026-08-25T16:31:23.025Z spoolmandb ok Silk PLA (nozzle 220°C / bed 60°C) https://raw.githubusercontent.com/Donkie/SpoolmanDB/master/filaments/gst3d.json#4
2026-08-25T16:31:23.025Z spoolmandb ok ABS (nozzle 240°C / bed 90°C) https://raw.githubusercontent.com/Donkie/SpoolmanDB/master/filaments/gst3d.json#5
2026-08-25T16:31:23.026Z spoolmandb ok ASA (nozzle 250°C / bed 80°C) https://raw.githubusercontent.com/Donkie/SpoolmanDB/master/filaments/gst3d.json#6
2026-08-25T16:31:23.026Z spoolmandb ok ABS (nozzle 250°C / bed 105°C) https://raw.githubusercontent.com/Donkie/SpoolmanDB/master/filaments/hatchbox.json#0
2026-08-25T16:31:23.030Z spoolmandb ok PLA (nozzle 210°C / bed 60°C) https://raw.githubusercontent.com/Donkie/SpoolmanDB/master/filaments/hatchbox.json#1
2026-08-25T16:31:23.030Z spoolmandb ok Sparkle PLA (nozzle 210°C / bed 60°C) https://raw.githubusercontent.com/Donkie/SpoolmanDB/master/filaments/hatchbox.json#2
2026-08-25T16:31:23.030Z spoolmandb ok Transparent PLA (nozzle 210°C / bed 60°C) https://raw.githubusercontent.com/Donkie/SpoolmanDB/master/filaments/hatchbox.json#3
2026-08-25T16:31:23.031Z spoolmandb ok PLA+ (nozzle 210°C / bed 60°C) https://raw.githubusercontent.com/Donkie/SpoolmanDB/master/filaments/jayo.json#0
2026-08-25T16:31:23.032Z spoolmandb ok PLA (nozzle 210°C / bed 60°C) https://raw.githubusercontent.com/Donkie/SpoolmanDB/master/filaments/jayo.json#1
2026-08-25T16:31:23.034Z spoolmandb ok PETG (nozzle 250°C / bed 80°C) https://raw.githubusercontent.com/Donkie/SpoolmanDB/master/filaments/jayo.json#2
2026-08-25T16:31:23.035Z spoolmandb ok Silk TPU (nozzle 220°C / bed 0°C) https://raw.githubusercontent.com/Donkie/SpoolmanDB/master/filaments/jayo.json#3
2026-08-25T16:31:23.036Z spoolmandb ok PLA (nozzle 210°C / bed 60°C) https://raw.githubusercontent.com/Donkie/SpoolmanDB/master/filaments/jayo.json#4
2026-08-25T16:31:23.036Z spoolmandb ok ASA-CF (nozzle 245°C / bed 90°C) https://raw.githubusercontent.com/Donkie/SpoolmanDB/master/filaments/ldo.json#2
2026-08-25T16:31:23.038Z spoolmandb ok PLA (nozzle 210°C / bed 60°C) https://raw.githubusercontent.com/Donkie/SpoolmanDB/master/filaments/overture.json#0
2026-08-25T16:31:23.041Z spoolmandb ok Rock PLA (nozzle 210°C / bed 60°C) https://raw.githubusercontent.com/Donkie/SpoolmanDB/master/filaments/overture.json#1
2026-08-25T16:31:23.042Z spoolmandb ok Silk PLA (nozzle 210°C / bed 60°C) https://raw.githubusercontent.com/Donkie/SpoolmanDB/master/filaments/overture.json#2
2026-08-25T16:31:23.044Z spoolmandb ok Matte PLA (nozzle 210°C / bed 60°C) https://raw.githubusercontent.com/Donkie/SpoolmanDB/master/filaments/overture.json#3
2026-08-25T16:31:23.045Z spoolmandb ok PETG (nozzle 240°C / bed 85°C) https://raw.githubusercontent.com/Donkie/SpoolmanDB/master/filaments/overture.json#4
2026-08-25T16:31:23.045Z spoolmandb ok High Speed 95A TPU (nozzle 230°C / bed 35°C) https://raw.githubusercontent.com/Donkie/SpoolmanDB/master/filaments/overture.json#5
2026-08-25T16:31:23.048Z spoolmandb ok ABS (nozzle 255°C / bed 90°C) https://raw.githubusercontent.com/Donkie/SpoolmanDB/master/filaments/overture.json#6
2026-08-25T16:31:23.049Z spoolmandb ok ASA (nozzle 255°C / bed 83°C) https://raw.githubusercontent.com/Donkie/SpoolmanDB/master/filaments/overture.json#7
2026-08-25T16:31:23.054Z spoolmandb ok PLA (nozzle 215°C / bed 60°C) https://raw.githubusercontent.com/Donkie/SpoolmanDB/master/filaments/polarfilament.json#0
2026-08-25T16:31:23.055Z spoolmandb ok PETG (nozzle 240°C / bed 60°C) https://raw.githubusercontent.com/Donkie/SpoolmanDB/master/filaments/polarfilament.json#1
2026-08-25T16:31:23.055Z spoolmandb ok Fiberon PA12-CF10 (nozzle 280°C / bed 38°C) https://raw.githubusercontent.com/Donkie/SpoolmanDB/master/filaments/polymaker.json#0
2026-08-25T16:31:23.057Z spoolmandb ok Fiberon PA6-CF20 (nozzle 290°C / bed 38°C) https://raw.githubusercontent.com/Donkie/SpoolmanDB/master/filaments/polymaker.json#1
2026-08-25T16:31:23.058Z spoolmandb ok Fiberon PA6-GF25 (nozzle 290°C / bed 38°C) https://raw.githubusercontent.com/Donkie/SpoolmanDB/master/filaments/polymaker.json#2
2026-08-25T16:31:23.058Z spoolmandb ok PolyCast PVB (nozzle 205°C / bed 48°C) https://raw.githubusercontent.com/Donkie/SpoolmanDB/master/filaments/polymaker.json#3
2026-08-25T16:31:23.058Z spoolmandb ok PolyDissolve S1 (PVA) (nozzle 220°C / bed 43°C) https://raw.githubusercontent.com/Donkie/SpoolmanDB/master/filaments/polymaker.json#4
2026-08-25T16:31:23.059Z spoolmandb ok PolyFlex TPU90 (nozzle 220°C / bed 43°C) https://raw.githubusercontent.com/Donkie/SpoolmanDB/master/filaments/polymaker.json#5
2026-08-25T16:31:23.061Z spoolmandb ok PolyFlex TPU95 (nozzle 220°C / bed 43°C) https://raw.githubusercontent.com/Donkie/SpoolmanDB/master/filaments/polymaker.json#6
2026-08-25T16:31:23.061Z spoolmandb ok PolyFlex TPU95-HF (nozzle 210°C / bed 38°C) https://raw.githubusercontent.com/Donkie/SpoolmanDB/master/filaments/polymaker.json#7
2026-08-25T16:31:23.062Z spoolmandb ok PolyLite ABS (nozzle 255°C / bed 95°C) https://raw.githubusercontent.com/Donkie/SpoolmanDB/master/filaments/polymaker.json#8
2026-08-25T16:31:23.064Z spoolmandb ok PolyLite ASA (nozzle 250°C / bed 85°C) https://raw.githubusercontent.com/Donkie/SpoolmanDB/master/filaments/polymaker.json#9
2026-08-25T16:31:23.064Z spoolmandb ok PolyLite CosPLA (nozzle 210°C / bed 43°C) https://raw.githubusercontent.com/Donkie/SpoolmanDB/master/filaments/polymaker.json#10
2026-08-25T16:31:23.065Z spoolmandb ok PolyLite CosPLA (nozzle 210°C / bed 43°C) https://raw.githubusercontent.com/Donkie/SpoolmanDB/master/filaments/polymaker.json#11
2026-08-25T16:31:23.066Z spoolmandb ok PolyLite LW-PLA (nozzle 200°C / bed 43°C) https://raw.githubusercontent.com/Donkie/SpoolmanDB/master/filaments/polymaker.json#12
2026-08-25T16:31:23.066Z spoolmandb ok PolyLite PC (nozzle 260°C / bed 98°C) https://raw.githubusercontent.com/Donkie/SpoolmanDB/master/filaments/polymaker.json#13
2026-08-25T16:31:23.066Z spoolmandb ok PolyLite PETG (nozzle 235°C / bed 75°C) https://raw.githubusercontent.com/Donkie/SpoolmanDB/master/filaments/polymaker.json#14
2026-08-25T16:31:23.068Z spoolmandb ok Panchroma Regular PLA (nozzle 210°C / bed 43°C) https://raw.githubusercontent.com/Donkie/SpoolmanDB/master/filaments/polymaker.json#15
2026-08-25T16:31:23.070Z spoolmandb ok Panchroma Dual PLA (nozzle 210°C / bed 43°C) https://raw.githubusercontent.com/Donkie/SpoolmanDB/master/filaments/polymaker.json#16
2026-08-25T16:31:23.071Z spoolmandb ok PolyLite PLA Pro (nozzle 205°C / bed 45°C) https://raw.githubusercontent.com/Donkie/SpoolmanDB/master/filaments/polymaker.json#17
2026-08-25T16:31:23.072Z spoolmandb ok PolyLite PLA (nozzle 210°C / bed 43°C) https://raw.githubusercontent.com/Donkie/SpoolmanDB/master/filaments/polymaker.json#18
2026-08-25T16:31:23.073Z spoolmandb ok Polymaker PC-ABS (nozzle 260°C / bed 98°C) https://raw.githubusercontent.com/Donkie/SpoolmanDB/master/filaments/polymaker.json#19
2026-08-25T16:31:23.073Z spoolmandb ok Polymaker PC-PBT (nozzle 270°C / bed 108°C) https://raw.githubusercontent.com/Donkie/SpoolmanDB/master/filaments/polymaker.json#20
2026-08-25T16:31:23.075Z spoolmandb ok PolyMax PC (nozzle 260°C / bed 98°C) https://raw.githubusercontent.com/Donkie/SpoolmanDB/master/filaments/polymaker.json#21
2026-08-25T16:31:23.075Z spoolmandb ok PolyMax PC-FR (nozzle 260°C / bed 98°C) https://raw.githubusercontent.com/Donkie/SpoolmanDB/master/filaments/polymaker.json#22
2026-08-25T16:31:23.075Z spoolmandb ok PolyMax PETG (nozzle 235°C / bed 75°C) https://raw.githubusercontent.com/Donkie/SpoolmanDB/master/filaments/polymaker.json#23
2026-08-25T16:31:23.076Z spoolmandb ok PolyMax PLA (nozzle 210°C / bed 43°C) https://raw.githubusercontent.com/Donkie/SpoolmanDB/master/filaments/polymaker.json#24
2026-08-25T16:31:23.076Z spoolmandb ok PolyMide CoPA (nozzle 260°C / bed 38°C) https://raw.githubusercontent.com/Donkie/SpoolmanDB/master/filaments/polymaker.json#25
2026-08-25T16:31:23.079Z spoolmandb ok PolySmooth PVB (nozzle 205°C / bed 48°C) https://raw.githubusercontent.com/Donkie/SpoolmanDB/master/filaments/polymaker.json#26
2026-08-25T16:31:23.079Z spoolmandb ok PolySonic PLA (nozzle 220°C / bed 43°C) https://raw.githubusercontent.com/Donkie/SpoolmanDB/master/filaments/polymaker.json#27
2026-08-25T16:31:23.080Z spoolmandb ok PolySonic PLA Pro (nozzle 220°C / bed 43°C) https://raw.githubusercontent.com/Donkie/SpoolmanDB/master/filaments/polymaker.json#28
2026-08-25T16:31:23.080Z spoolmandb ok PolyWood PLA (nozzle 200°C / bed 43°C) https://raw.githubusercontent.com/Donkie/SpoolmanDB/master/filaments/polymaker.json#29
2026-08-25T16:31:23.080Z spoolmandb ok Panchroma (Formerly PolyLite) Luminous PLA (nozzle 210°C / bed 43°C) https://raw.githubusercontent.com/Donkie/SpoolmanDB/master/filaments/polymaker.json#30
2026-08-25T16:31:23.087Z spoolmandb ok Panchroma Matte (Formerly PolyTerra) PLA (nozzle 210°C / bed 50°C) https://raw.githubusercontent.com/Donkie/SpoolmanDB/master/filaments/polymaker.json#31
2026-08-25T16:31:23.087Z spoolmandb ok Panchroma Marble (Formerly PolyTerra Marble) PLA (nozzle 210°C / bed 43°C) https://raw.githubusercontent.com/Donkie/SpoolmanDB/master/filaments/polymaker.json#32
2026-08-25T16:31:23.088Z spoolmandb ok Metallic PETG (nozzle 210°C / bed 70°C) https://raw.githubusercontent.com/Donkie/SpoolmanDB/master/filaments/protopasta.json#0
2026-08-25T16:31:23.089Z spoolmandb ok Translucent PETG (nozzle 210°C / bed 70°C) https://raw.githubusercontent.com/Donkie/SpoolmanDB/master/filaments/protopasta.json#1
2026-08-25T16:31:23.089Z spoolmandb ok Glitter PETG (nozzle 210°C / bed 70°C) https://raw.githubusercontent.com/Donkie/SpoolmanDB/master/filaments/protopasta.json#2
2026-08-25T16:31:23.091Z spoolmandb ok Carbon Fiber PETG (nozzle 210°C / bed 70°C) https://raw.githubusercontent.com/Donkie/SpoolmanDB/master/filaments/protopasta.json#3
2026-08-25T16:31:23.091Z spoolmandb ok Simply PETG (nozzle 210°C / bed 70°C) https://raw.githubusercontent.com/Donkie/SpoolmanDB/master/filaments/protopasta.json#4
2026-08-25T16:31:23.092Z spoolmandb ok Simply PETG (nozzle 210°C / bed 70°C) https://raw.githubusercontent.com/Donkie/SpoolmanDB/master/filaments/protopasta.json#5
2026-08-25T16:31:23.092Z spoolmandb ok Recycled PETG (nozzle 210°C / bed 60°C) https://raw.githubusercontent.com/Donkie/SpoolmanDB/master/filaments/protopasta.json#6
2026-08-25T16:31:23.092Z spoolmandb ok Static Dissipative PETG (nozzle 210°C / bed 60°C) https://raw.githubusercontent.com/Donkie/SpoolmanDB/master/filaments/protopasta.json#7
2026-08-25T16:31:23.094Z spoolmandb ok Composite Conductive PLA (nozzle 210°C / bed 60°C) https://raw.githubusercontent.com/Donkie/SpoolmanDB/master/filaments/protopasta.json#8
2026-08-25T16:31:23.094Z spoolmandb ok Composite Conductive PLA (nozzle 210°C / bed 60°C) https://raw.githubusercontent.com/Donkie/SpoolmanDB/master/filaments/protopasta.json#9
2026-08-25T16:31:23.095Z spoolmandb ok Composite Carbon Fiber PLA (nozzle 210°C / bed 60°C) https://raw.githubusercontent.com/Donkie/SpoolmanDB/master/filaments/protopasta.json#10
2026-08-25T16:31:23.095Z spoolmandb ok Composite Iron PLA (nozzle 200°C / bed 60°C) https://raw.githubusercontent.com/Donkie/SpoolmanDB/master/filaments/protopasta.json#11
2026-08-25T16:31:23.095Z spoolmandb ok Composite Steel PLA (nozzle 210°C / bed 60°C) https://raw.githubusercontent.com/Donkie/SpoolmanDB/master/filaments/protopasta.json#12
2026-08-25T16:31:23.097Z spoolmandb ok Composite Iron PLA (nozzle 200°C / bed 60°C) https://raw.githubusercontent.com/Donkie/SpoolmanDB/master/filaments/protopasta.json#13
2026-08-25T16:31:23.098Z spoolmandb ok Composite Steel PLA (nozzle 210°C / bed 60°C) https://raw.githubusercontent.com/Donkie/SpoolmanDB/master/filaments/protopasta.json#14
2026-08-25T16:31:23.098Z spoolmandb ok High Flow PLA (nozzle 210°C / bed 60°C) https://raw.githubusercontent.com/Donkie/SpoolmanDB/master/filaments/protopasta.json#15
2026-08-25T16:31:23.101Z spoolmandb ok Glitter PLA (nozzle 210°C / bed 60°C) https://raw.githubusercontent.com/Donkie/SpoolmanDB/master/filaments/protopasta.json#16
2026-08-25T16:31:23.105Z spoolmandb ok Multicolor PLA (nozzle 210°C / bed 60°C) https://raw.githubusercontent.com/Donkie/SpoolmanDB/master/filaments/protopasta.json#17
2026-08-25T16:31:23.108Z spoolmandb ok Marble PLA (nozzle 210°C / bed 60°C) https://raw.githubusercontent.com/Donkie/SpoolmanDB/master/filaments/protopasta.json#18
2026-08-25T16:31:23.108Z spoolmandb ok Matte Fiber PLA (nozzle 210°C / bed 60°C) https://raw.githubusercontent.com/Donkie/SpoolmanDB/master/filaments/protopasta.json#19
2026-08-25T16:31:23.109Z spoolmandb ok Matte Fiber PLA (nozzle 210°C / bed 60°C) https://raw.githubusercontent.com/Donkie/SpoolmanDB/master/filaments/protopasta.json#20
2026-08-25T16:31:23.110Z spoolmandb ok Matte Fiber PLA (nozzle 210°C / bed 60°C) https://raw.githubusercontent.com/Donkie/SpoolmanDB/master/filaments/protopasta.json#21
2026-08-25T16:31:23.110Z spoolmandb ok Amber Alchemy Translucent PLA (nozzle 210°C / bed 60°C) https://raw.githubusercontent.com/Donkie/SpoolmanDB/master/filaments/protopasta.json#22
2026-08-25T16:31:23.112Z spoolmandb ok Ecto Ooze Translucent PLA (nozzle 210°C / bed 60°C) https://raw.githubusercontent.com/Donkie/SpoolmanDB/master/filaments/protopasta.json#23
2026-08-25T16:31:23.112Z spoolmandb ok Gloop! Translucent PLA (nozzle 210°C / bed 60°C) https://raw.githubusercontent.com/Donkie/SpoolmanDB/master/filaments/protopasta.json#24
2026-08-25T16:31:23.113Z spoolmandb ok Translucent PLA (nozzle 210°C / bed 60°C) https://raw.githubusercontent.com/Donkie/SpoolmanDB/master/filaments/protopasta.json#25
2026-08-25T16:31:23.114Z spoolmandb ok Translucent PLA (nozzle 210°C / bed 60°C) https://raw.githubusercontent.com/Donkie/SpoolmanDB/master/filaments/protopasta.json#26
2026-08-25T16:31:23.114Z spoolmandb ok Totally Translucent PLA (nozzle 210°C / bed 60°C) https://raw.githubusercontent.com/Donkie/SpoolmanDB/master/filaments/protopasta.json#27
2026-08-25T16:31:23.117Z spoolmandb ok Opaque PLA (nozzle 210°C / bed 60°C) https://raw.githubusercontent.com/Donkie/SpoolmanDB/master/filaments/protopasta.json#28
2026-08-25T16:31:23.117Z spoolmandb ok Opaque PLA (nozzle 210°C / bed 60°C) https://raw.githubusercontent.com/Donkie/SpoolmanDB/master/filaments/protopasta.json#29
2026-08-25T16:31:23.117Z spoolmandb ok Opaque PLA (nozzle 210°C / bed 60°C) https://raw.githubusercontent.com/Donkie/SpoolmanDB/master/filaments/protopasta.json#30
2026-08-25T16:31:23.118Z spoolmandb ok Opaque PLA (nozzle 210°C / bed 60°C) https://raw.githubusercontent.com/Donkie/SpoolmanDB/master/filaments/protopasta.json#31
2026-08-25T16:31:23.118Z spoolmandb ok Carbon Fiber PLA (nozzle 210°C / bed 60°C) https://raw.githubusercontent.com/Donkie/SpoolmanDB/master/filaments/protopasta.json#32
2026-08-25T16:31:23.119Z spoolmandb ok Carbon Fiber PLA (nozzle 210°C / bed 60°C) https://raw.githubusercontent.com/Donkie/SpoolmanDB/master/filaments/protopasta.json#33
2026-08-25T16:31:23.120Z spoolmandb ok Carbon Fiber PLA (nozzle 210°C / bed 60°C) https://raw.githubusercontent.com/Donkie/SpoolmanDB/master/filaments/protopasta.json#34
2026-08-25T16:31:23.120Z spoolmandb ok Fluorescent PLA (nozzle 210°C / bed 60°C) https://raw.githubusercontent.com/Donkie/SpoolmanDB/master/filaments/protopasta.json#35
2026-08-25T16:31:23.120Z spoolmandb ok Composite PLA (nozzle 200°C / bed 60°C) https://raw.githubusercontent.com/Donkie/SpoolmanDB/master/filaments/protopasta.json#36
2026-08-25T16:31:23.122Z spoolmandb ok Metallic PLA (nozzle 210°C / bed 60°C) https://raw.githubusercontent.com/Donkie/SpoolmanDB/master/filaments/protopasta.json#37
2026-08-25T16:31:23.124Z spoolmandb ok Pearl PLA (nozzle 210°C / bed 60°C) https://raw.githubusercontent.com/Donkie/SpoolmanDB/master/filaments/protopasta.json#38
2026-08-25T16:31:23.125Z spoolmandb ok Satin PLA (nozzle 210°C / bed 60°C) https://raw.githubusercontent.com/Donkie/SpoolmanDB/master/filaments/protopasta.json#39
2026-08-25T16:31:23.125Z spoolmandb ok cMatte PLA (nozzle 210°C / bed 60°C) https://raw.githubusercontent.com/Donkie/SpoolmanDB/master/filaments/protopasta.json#40
2026-08-25T16:31:23.125Z spoolmandb ok Basic PLA (nozzle 210°C / bed 60°C) https://raw.githubusercontent.com/Donkie/SpoolmanDB/master/filaments/protopasta.json#41
2026-08-25T16:31:23.125Z spoolmandb ok Basic PLA (nozzle 210°C / bed 60°C) https://raw.githubusercontent.com/Donkie/SpoolmanDB/master/filaments/protopasta.json#42
2026-08-25T16:31:23.126Z spoolmandb ok Recycled PLA (nozzle 210°C / bed 60°C) https://raw.githubusercontent.com/Donkie/SpoolmanDB/master/filaments/protopasta.json#43
2026-08-25T16:31:23.127Z spoolmandb ok Thermochromic PLA (nozzle 210°C / bed 60°C) https://raw.githubusercontent.com/Donkie/SpoolmanDB/master/filaments/protopasta.json#44
2026-08-25T16:31:23.127Z spoolmandb ok PLA (nozzle 210°C / bed 60°C) https://raw.githubusercontent.com/Donkie/SpoolmanDB/master/filaments/protopasta.json#45
2026-08-25T16:31:23.127Z spoolmandb ok Green Glow-in-the-Dark PLA (nozzle 210°C / bed 60°C) https://raw.githubusercontent.com/Donkie/SpoolmanDB/master/filaments/protopasta.json#46
2026-08-25T16:31:23.127Z spoolmandb ok Static Dissipative Carbon Fiber PLA (nozzle 210°C / bed 60°C) https://raw.githubusercontent.com/Donkie/SpoolmanDB/master/filaments/protopasta.json#47
2026-08-25T16:31:23.129Z spoolmandb ok Static Dissipative PLA (nozzle 210°C / bed 60°C) https://raw.githubusercontent.com/Donkie/SpoolmanDB/master/filaments/protopasta.json#48
2026-08-25T16:31:23.129Z spoolmandb ok Flexible TPE (nozzle 210°C / bed 60°C) https://raw.githubusercontent.com/Donkie/SpoolmanDB/master/filaments/protopasta.json#49
2026-08-25T16:31:23.129Z spoolmandb ok Rigid TPE (nozzle 210°C / bed 60°C) https://raw.githubusercontent.com/Donkie/SpoolmanDB/master/filaments/protopasta.json#50
2026-08-25T16:31:23.130Z spoolmandb ok PETG (nozzle 250°C / bed 80°C) https://raw.githubusercontent.com/Donkie/SpoolmanDB/master/filaments/prusament.json#0
2026-08-25T16:31:23.130Z spoolmandb ok PC Blend Carbon Fiber PC-CF (nozzle 285°C / bed 110°C) https://raw.githubusercontent.com/Donkie/SpoolmanDB/master/filaments/prusament.json#1
2026-08-25T16:31:23.131Z spoolmandb ok PC Blend (nozzle 275°C / bed 110°C) https://raw.githubusercontent.com/Donkie/SpoolmanDB/master/filaments/prusament.json#2
2026-08-25T16:31:23.132Z spoolmandb ok TPU-95A (nozzle 235°C / bed 65°C) https://raw.githubusercontent.com/Donkie/SpoolmanDB/master/filaments/prusament.json#3
2026-08-25T16:31:23.132Z spoolmandb ok PVB (nozzle 215°C / bed 75°C) https://raw.githubusercontent.com/Donkie/SpoolmanDB/master/filaments/prusament.json#4
2026-08-25T16:31:23.132Z spoolmandb ok ASA (nozzle 260°C / bed 110°C) https://raw.githubusercontent.com/Donkie/SpoolmanDB/master/filaments/prusament.json#5
2026-08-25T16:31:23.132Z spoolmandb ok (NFC) ASA (nozzle 260°C / bed 110°C) https://raw.githubusercontent.com/Donkie/SpoolmanDB/master/filaments/prusament.json#6
2026-08-25T16:31:23.134Z spoolmandb ok PLA (nozzle 215°C / bed 50°C) https://raw.githubusercontent.com/Donkie/SpoolmanDB/master/filaments/prusament.json#7
2026-08-25T16:31:23.134Z spoolmandb ok PPS-CF (nozzle 330°C / bed 100°C) https://raw.githubusercontent.com/Donkie/SpoolmanDB/master/filaments/qiditech.json#0
2026-08-25T16:31:23.134Z spoolmandb ok PAHT-CF (nozzle 310°C / bed 80°C) https://raw.githubusercontent.com/Donkie/SpoolmanDB/master/filaments/qiditech.json#1
2026-08-25T16:31:23.134Z spoolmandb ok PA12-CF (nozzle 290°C / bed 55°C) https://raw.githubusercontent.com/Donkie/SpoolmanDB/master/filaments/qiditech.json#2
2026-08-25T16:31:23.135Z spoolmandb ok ASA (nozzle 260°C / bed 105°C) https://raw.githubusercontent.com/Donkie/SpoolmanDB/master/filaments/qiditech.json#3
2026-08-25T16:31:23.136Z spoolmandb ok PETG-Tough (nozzle 260°C / bed 75°C) https://raw.githubusercontent.com/Donkie/SpoolmanDB/master/filaments/qiditech.json#4
2026-08-25T16:31:23.136Z spoolmandb ok PETG (nozzle 245°C / bed 75°C) https://raw.githubusercontent.com/Donkie/SpoolmanDB/master/filaments/r3d.json#0
2026-08-25T16:31:23.136Z spoolmandb ok Translucent PETG (nozzle 260°C / bed 80°C) https://raw.githubusercontent.com/Donkie/SpoolmanDB/master/filaments/r3d.json#1
2026-08-25T16:31:23.137Z spoolmandb ok PLA BASIC (nozzle 210°C / bed 50°C) https://raw.githubusercontent.com/Donkie/SpoolmanDB/master/filaments/r3d.json#2
2026-08-25T16:31:23.137Z spoolmandb ok Punkfil PETG (nozzle 235°C / bed 80°C) https://raw.githubusercontent.com/Donkie/SpoolmanDB/master/filaments/ratrig.json#0
2026-08-25T16:31:23.138Z spoolmandb ok Punkfil PETG-CF10 (nozzle 240°C / bed 80°C) https://raw.githubusercontent.com/Donkie/SpoolmanDB/master/filaments/ratrig.json#1
2026-08-25T16:31:23.138Z spoolmandb ok Punkfil ASA (nozzle 260°C / bed 105°C) https://raw.githubusercontent.com/Donkie/SpoolmanDB/master/filaments/ratrig.json#2
2026-08-25T16:31:23.138Z spoolmandb ok Punkfil ABS (nozzle 245°C / bed 105°C) https://raw.githubusercontent.com/Donkie/SpoolmanDB/master/filaments/ratrig.json#3
2026-08-25T16:31:23.139Z spoolmandb ok ASA (nozzle 245°C / bed 90°C) https://raw.githubusercontent.com/Donkie/SpoolmanDB/master/filaments/rosa3d.json#0
2026-08-25T16:31:23.140Z spoolmandb ok PLA Starter (nozzle 210°C / bed 55°C) https://raw.githubusercontent.com/Donkie/SpoolmanDB/master/filaments/rosa3d.json#1
2026-08-25T16:31:23.141Z spoolmandb ok ABS (nozzle 250°C / bed 100°C) https://raw.githubusercontent.com/Donkie/SpoolmanDB/master/filaments/rosa3d.json#2
2026-08-25T16:31:23.142Z spoolmandb ok ABS (nozzle 250°C / bed 100°C) https://raw.githubusercontent.com/Donkie/SpoolmanDB/master/filaments/rosa3d.json#3
2026-08-25T16:31:23.142Z spoolmandb ok ABS (nozzle 250°C / bed 110°C) https://raw.githubusercontent.com/Donkie/SpoolmanDB/master/filaments/siddament.json#0
2026-08-25T16:31:23.143Z spoolmandb ok Ultra PLA (nozzle 210°C / bed 50°C) https://raw.githubusercontent.com/Donkie/SpoolmanDB/master/filaments/soleyin.json#0
2026-08-25T16:31:23.143Z spoolmandb ok PCTG (nozzle 260°C / bed 80°C) https://raw.githubusercontent.com/Donkie/SpoolmanDB/master/filaments/spectrum.json#0
2026-08-25T16:31:23.144Z spoolmandb ok The Filament ASA-CF (nozzle 250°C / bed 90°C) https://raw.githubusercontent.com/Donkie/SpoolmanDB/master/filaments/spectrum.json#1
2026-08-25T16:31:23.144Z spoolmandb ok PLA+ (nozzle 210°C / bed 60°C) https://raw.githubusercontent.com/Donkie/SpoolmanDB/master/filaments/sunlu.json#0
2026-08-25T16:31:23.145Z spoolmandb ok ABS (nozzle 250°C / bed 105°C) https://raw.githubusercontent.com/Donkie/SpoolmanDB/master/filaments/sunlu.json#1
2026-08-25T16:31:23.145Z spoolmandb ok Silk TPU (nozzle 220°C / bed 0°C) https://raw.githubusercontent.com/Donkie/SpoolmanDB/master/filaments/sunlu.json#2
2026-08-25T16:31:23.145Z spoolmandb ok PLA (nozzle 210°C / bed 60°C) https://raw.githubusercontent.com/Donkie/SpoolmanDB/master/filaments/sunlu.json#3
2026-08-25T16:31:23.146Z spoolmandb ok PLA (nozzle 210°C / bed 60°C) https://raw.githubusercontent.com/Donkie/SpoolmanDB/master/filaments/sunlu.json#4
2026-08-25T16:31:23.146Z spoolmandb ok PETG (nozzle 255°C / bed 80°C) https://raw.githubusercontent.com/Donkie/SpoolmanDB/master/filaments/sunlu.json#5
2026-08-25T16:31:23.146Z spoolmandb ok High Speed Matte PETG (nozzle 238°C / bed 75°C) https://raw.githubusercontent.com/Donkie/SpoolmanDB/master/filaments/sunlu.json#6
2026-08-25T16:31:23.147Z spoolmandb ok High Speed Marble PLA (nozzle 210°C / bed 60°C) https://raw.githubusercontent.com/Donkie/SpoolmanDB/master/filaments/sunlu.json#7
2026-08-25T16:31:23.147Z spoolmandb ok Wood (nozzle 210°C / bed 60°C) https://raw.githubusercontent.com/Donkie/SpoolmanDB/master/filaments/sunlu.json#8
2026-08-25T16:31:23.148Z spoolmandb ok PLA (nozzle 210°C / bed 60°C) https://raw.githubusercontent.com/Donkie/SpoolmanDB/master/filaments/tinmorry.json#0
2026-08-25T16:31:23.148Z spoolmandb ok PLA (nozzle 215°C / bed 70°C) https://raw.githubusercontent.com/Donkie/SpoolmanDB/master/filaments/voolt3d.json#0
2026-08-25T16:31:23.149Z spoolmandb ok PETG (nozzle 250°C / bed 80°C) https://raw.githubusercontent.com/Donkie/SpoolmanDB/master/filaments/voxelpla.json#0
2026-08-25T16:31:23.149Z spoolmandb ok PLA (nozzle 215°C / bed 60°C) https://raw.githubusercontent.com/Donkie/SpoolmanDB/master/filaments/voxelpla.json#1
2026-08-25T16:31:24.354Z generic www.sunlu.com (SUNLU): 85 product URLs
2026-08-25T16:31:24.447Z generic eu.esun3d.com (eSUN): 114 product URLs
2026-08-25T16:31:25.199Z generic spectrumfilaments.com (Spectrum): 111 product URLs
2026-08-25T16:31:25.423Z generic www.3djake.com (3DJake): 231 product URLs
2026-08-25T16:31:25.613Z generic www.formfutura.com (FormFutura): 123 product URLs
2026-08-25T16:31:25.891Z generic www.rosa3d.pl (Rosa3D): 300 product URLs
2026-08-25T16:31:26.129Z generic www.aurapol.com (AURAPOL): 101 product URLs
2026-08-25T16:31:26.291Z generic winkle.shop (Winkle): 19 product URLs
2026-08-25T16:31:26.451Z generic www.nobufil.com (Nobufil): 154 product URLs
2026-08-25T16:31:27.128Z generic www.zyltech.com (Zyltech): 32 product URLs
2026-08-25T16:31:27.617Z generic gizmodorks.com (Gizmo Dorks): 12 product URLs
2026-08-25T16:31:27.769Z generic www.paramount-3d.com (Paramount 3D): 176 product URLs
2026-08-25T16:31:28.915Z generic www.stronghero3d.com (Stronghero3d): 9 product URLs
2026-08-25T16:31:28.920Z generic: 1467 listed, 0 already saved, 1467 pending
2026-08-25T16:31:28.935Z generic ok ASA UV resistant filament (nozzle 255°C / bed 90°C) https://www.sunlu.com/products/asa-uv-resistant-filament
2026-08-25T16:31:28.941Z generic ok PP filament 3d (nozzle 220°C / bed 55°C) https://www.sunlu.com/products/pp-filament-3d
2026-08-25T16:31:28.946Z generic ok transparent PLA filament (nozzle 205°C / bed 55°C) https://www.sunlu.com/products/transparent-pla-filament
2026-08-25T16:31:28.954Z generic ok polycarbonate PC filament (nozzle 270°C / bed 105°C) https://www.sunlu.com/products/polycarbonate-pc-filament
2026-08-25T16:31:28.959Z generic ok PLA 3d printing filament (nozzle 205°C / bed 55°C) https://www.sunlu.com/products/pla-3d-printing-filament
2026-08-25T16:31:28.963Z generic ok PLA matte filament (nozzle 210°C / bed 55°C) https://www.sunlu.com/products/pla-matte-filament
2026-08-25T16:31:28.969Z generic ok PVB filament (nozzle 205°C / bed 55°C) https://www.sunlu.com/products/pvb-filament
2026-08-25T16:31:30.325Z generic ok PC ABS filament (nozzle 270°C / bed 105°C) https://www.sunlu.com/products/pc-abs-filament
2026-08-25T16:31:31.683Z generic ok PLA plus filament (nozzle 210°C / bed 55°C) https://www.sunlu.com/products/pla-plus-filament
2026-08-25T16:31:32.624Z generic ok glow in the dark PLA filament (nozzle 205°C / bed 55°C) https://www.sunlu.com/products/glow-in-the-dark-pla-filament
2026-08-25T16:31:34.851Z generic ok PLA meta filament (nozzle 190°C / bed 55°C) https://www.sunlu.com/products/pla-meta-filament
2026-08-25T16:31:36.241Z generic ok ABS flame retardant filament (nozzle 245°C / bed 90°C) https://www.sunlu.com/products/abs-flame-retardant-filament
2026-08-25T16:31:37.130Z generic ok high speed ABS filament (nozzle 270°C / bed 95°C) https://www.sunlu.com/products/high-speed-abs-filament
2026-08-25T16:31:39.232Z generic ok PLA plus 2.0 3d printing filament (nozzle 210°C / bed 55°C) https://www.sunlu.com/products/pla-plus-2.0-3d-printing-filament
2026-08-25T16:31:40.693Z generic ok rainbow PLA filament (nozzle 190°C / bed 55°C) https://www.sunlu.com/products/rainbow-pla-filament
2026-08-25T16:31:42.268Z generic ok lightweight PLA filament (nozzle 190°C / bed 55°C) https://www.sunlu.com/products/lightweight-pla-filament
2026-08-25T16:31:43.919Z generic ok PETG 3d printing filament (nozzle 250°C / bed 65°C) https://www.sunlu.com/products/petg-3d-printing-filament
2026-08-25T16:31:45.381Z generic ok ABS GF 3d filament (nozzle 270°C / bed 95°C) https://www.sunlu.com/products/abs-gf-3d-filament
2026-08-25T16:31:46.726Z generic ok silk PLA plus filament (nozzle 220°C / bed 55°C) https://www.sunlu.com/products/silk-pla-plus-filament
2026-08-25T16:31:48.419Z generic ok high speed PLA filament (nozzle 220°C / bed 55°C) https://www.sunlu.com/products/high-speed-pla-filament
2026-08-25T16:31:49.762Z generic ok carbon fiber PLA filament (nozzle 220°C / bed 55°C) https://www.sunlu.com/products/carbon-fiber-pla-filament
2026-08-25T16:31:51.366Z generic ok easy PA nylon filament (nozzle 260°C / bed 40°C) https://www.sunlu.com/products/easy-pa-nylon-filament
2026-08-25T16:31:54.202Z generic ok ABS 3d printing filament (nozzle 260°C / bed 90°C) https://www.sunlu.com/products/abs-3d-printing-filament
2026-08-25T16:31:55.697Z generic ok wood PLA filament (nozzle 210°C / bed 55°C) https://www.sunlu.com/products/wood-pla-filament
2026-08-25T16:31:57.040Z generic ok PLA matte dual color filament (nozzle 210°C / bed 55°C) https://www.sunlu.com/products/pla-matte-dual-color-filament
2026-08-25T16:31:58.687Z generic ok high speed PLA plus filament (nozzle 220°C / bed 55°C) https://www.sunlu.com/products/high-speed-pla-plus-filament
2026-08-25T16:32:00.191Z generic ok carbon fiber PETG filament (nozzle 245°C / bed 60°C) https://www.sunlu.com/products/carbon-fiber-petg-filament
2026-08-25T16:32:01.741Z generic ok pa6 carbon fiber filament (nozzle 280°C / bed 60°C) https://www.sunlu.com/products/pa6-carbon-fiber-filament
2026-08-25T16:32:06.241Z generic ok galaxy PLA filament (nozzle 215°C / bed 55°C) https://www.sunlu.com/products/galaxy-pla-filament
2026-08-25T16:32:07.507Z generic ok silk PLA plus dual color filament (nozzle 220°C / bed 55°C) https://www.sunlu.com/products/silk-pla-plus-dual-color-filament
2026-08-25T16:32:09.213Z generic ok high speed PLA plus 2 0 filament (nozzle 208°C / bed 55°C) https://www.sunlu.com/products/high-speed-pla-plus-2-0-filament
2026-08-25T16:32:10.701Z generic ok TPU 90a flexible filament (nozzle 230°C / bed 45°C) https://www.sunlu.com/products/tpu-90a-flexible-filament
2026-08-25T16:32:12.381Z generic ok pa12 carbon fiber filament (nozzle 270°C / bed 65°C) https://www.sunlu.com/products/pa12-carbon-fiber-filament
2026-08-25T16:32:16.916Z generic ok apla filament (nozzle 210°C / bed 55°C) https://www.sunlu.com/products/apla-filament
2026-08-25T16:32:18.213Z generic ok twinkling PLA filament (nozzle 205°C / bed 55°C) https://www.sunlu.com/products/twinkling-pla-filament
2026-08-25T16:32:19.531Z generic ok silk PLA plus tri color filament (nozzle 220°C / bed 55°C) https://www.sunlu.com/products/silk-pla-plus-tri-color-filament
2026-08-25T16:32:21.283Z generic ok high speed matte PLA filament (nozzle 230°C / bed 55°C) https://www.sunlu.com/products/high-speed-matte-pla-filament
2026-08-25T16:32:22.875Z generic ok high speed matte PETG filament (nozzle 250°C / bed 75°C) https://www.sunlu.com/products/high-speed-matte-petg-filament
2026-08-25T16:32:24.328Z generic ok TPU 95a flexible filament (nozzle 200°C / bed 55°C) https://www.sunlu.com/products/tpu-95a-flexible-filament
2026-08-25T16:32:25.949Z generic ok pa6 glass fiber filament (nozzle 280°C / bed 65°C) https://www.sunlu.com/products/pa6-glass-fiber-filament
2026-08-25T16:32:27.233Z generic ok PLA lite filament (nozzle 205°C / bed 55°C) https://www.sunlu.com/products/pla-lite-filament
2026-08-25T16:32:28.762Z generic ok transparent ABS filament (nozzle 255°C / bed 90°C) https://www.sunlu.com/products/transparent-abs-filament
2026-08-25T16:32:30.137Z generic ok silk PLA plus rainbow filament (nozzle 210°C / bed 55°C) https://www.sunlu.com/products/silk-pla-plus-rainbow-filament
2026-08-25T16:32:31.512Z generic ok silk TPU filament (nozzle 215°C / bed 55°C) https://www.sunlu.com/products/silk-tpu-filament
2026-08-25T16:32:33.456Z generic ok peek high performance filament (nozzle 390°C / bed 115°C) https://www.sunlu.com/products/peek-high-performance-filament
2026-08-25T16:32:34.877Z generic ok PLA classic filament (nozzle 230°C / bed 55°C) https://www.sunlu.com/products/pla-classic-filament
2026-08-25T16:32:36.238Z generic ok transparent PETG filament (nozzle 250°C / bed 65°C) https://www.sunlu.com/products/transparent-petg-filament
2026-08-25T16:32:37.513Z generic ok silk PLA plus four color filament (nozzle 220°C / bed 55°C) https://www.sunlu.com/products/silk-pla-plus-four-color-filament
2026-08-25T16:32:39.219Z generic ok high speed PLA marble filament (nozzle 220°C / bed 55°C) https://www.sunlu.com/products/high-speed-pla-marble-filament
2026-08-25T16:33:07.790Z generic ok PETG glow in the dark (nozzle 250°C / bed 75°C) https://www.sunlu.com/products/petg-glow-in-the-dark
2026-08-25T16:33:09.030Z generic ok PLA transparent rainbow filament (nozzle 200°C / bed 55°C) https://www.sunlu.com/products/pla-transparent-rainbow-filament
2026-08-25T16:33:14.165Z WARN HTTP 500 at https://www.sunlu.com/products/344 (attempt 1) — backing off 3000ms
2026-08-25T16:33:18.229Z WARN HTTP 500 at https://www.sunlu.com/products/344 (attempt 2) — backing off 6000ms
2026-08-25T16:33:25.922Z WARN HTTP 500 at https://www.sunlu.com/products/344 (attempt 3) — backing off 12000ms
2026-08-25T16:33:39.053Z WARN GET https://www.sunlu.com/products/344 -> 500
2026-08-25T16:33:49.525Z generic ok PLA-Clear (nozzle 210°C / bed 53°C) https://eu.esun3d.com/pla-clear-product
2026-08-25T16:33:49.572Z generic ok PLA+ (nozzle 220°C / bed 53°C) https://eu.esun3d.com/pla-pro-product
2026-08-25T16:33:49.597Z generic ok PLA-Basic (nozzle 220°C / bed 53°C) https://eu.esun3d.com/pla-basic-product
2026-08-25T16:33:49.604Z generic ok PLA-Luminous (nozzle 210°C / bed 53°C) https://eu.esun3d.com/epla-luminous-product
2026-08-25T16:33:49.648Z generic ok PLA-Silk (nozzle 210°C / bed 53°C) https://eu.esun3d.com/esilk-pla-product
2026-08-25T16:33:49.668Z generic ok PLA-Silk Rainbow (nozzle 220°C / bed 53°C) https://eu.esun3d.com/epla-silk-rainbow-product
2026-08-25T16:33:49.687Z generic ok PLA-Silk Magic (nozzle 210°C / bed 53°C) https://eu.esun3d.com/esilk-pla-magic-product
2026-08-25T16:33:49.702Z generic ok PLA-Silk Mystic (nozzle 210°C / bed 53°C) https://eu.esun3d.com/esilk-pla-mystic-product
2026-08-25T16:33:50.949Z generic ok PLA-Metal (nozzle 210°C / bed 53°C) https://eu.esun3d.com/epla-metal-product
2026-08-25T16:33:52.131Z generic ok PLA-Matte (nozzle 210°C / bed 53°C) https://eu.esun3d.com/epla-matte-product
2026-08-25T16:33:53.664Z generic ok PLA-Matte Rainbow (nozzle 210°C / bed 53°C) https://eu.esun3d.com/epla-matte-rainbow-2-product
2026-08-25T16:33:55.110Z generic ok PLA-Matte Dual (nozzle 223°C / bed 53°C) https://eu.esun3d.com/epla-matte-dual-product
2026-08-25T16:33:56.685Z generic ok PLA-Lite (nozzle 210°C / bed 53°C) https://eu.esun3d.com/epla-lite-product
2026-08-25T16:33:58.181Z generic ok PLA-Marble (nozzle 210°C / bed 53°C) https://eu.esun3d.com/emarble-product
2026-08-25T16:33:59.555Z generic ok PLA-Stars (nozzle 210°C / bed 53°C) https://eu.esun3d.com/estars-pla-product
2026-08-25T16:34:01.153Z generic ok PLA-Magic (nozzle 220°C / bed 53°C) https://eu.esun3d.com/epla-magic-product
2026-08-25T16:34:02.710Z generic ok PLA-Wood (nozzle 223°C / bed 53°C) https://eu.esun3d.com/wood-product
2026-08-25T16:34:04.104Z generic ok PLA-UV Color Change (nozzle 210°C / bed 53°C) https://eu.esun3d.com/pla-uv-cc-product
2026-08-25T16:34:05.620Z generic ok PLA-Rock (nozzle 220°C / bed 53°C) https://eu.esun3d.com/pla-rock-product
2026-08-25T16:34:07.236Z generic ok PETG-Basic (nozzle 250°C / bed 83°C) https://eu.esun3d.com/epetg-lite-product
2026-08-25T16:34:08.677Z generic ok PETG-Matte (nozzle 250°C / bed 65°C) https://eu.esun3d.com/petg-matte-product
2026-08-25T16:34:10.216Z generic ok ABS+ (nozzle 250°C / bed 103°C) https://eu.esun3d.com/abs-pro-product
2026-08-25T16:34:11.807Z generic ok PLA+HS (nozzle 220°C / bed 53°C) https://eu.esun3d.com/eplahs-product
2026-08-25T16:34:13.190Z generic ok PETG+HS (nozzle 240°C / bed 83°C) https://eu.esun3d.com/epetg-hs-product
2026-08-25T16:34:14.554Z generic ok PLA-LW (nozzle 230°C / bed 53°C) https://eu.esun3d.com/epla-lw-product
2026-08-25T16:34:16.180Z generic ok PLA-ST (nozzle 215°C / bed 53°C) https://eu.esun3d.com/epla-st-product
2026-08-25T16:34:17.609Z generic ok PLA-CF (nozzle 210°C / bed 53°C) https://eu.esun3d.com/epla-cf-product
2026-08-25T16:34:19.147Z generic ok TPU-95A (nozzle 235°C / bed 53°C) https://eu.esun3d.com/etpu-95a-product
2026-08-25T16:34:20.589Z generic ok TPU-LW (nozzle 240°C / bed 50°C) https://eu.esun3d.com/etpu-lw-product
2026-08-25T16:34:22.190Z generic ok TPE-83A (nozzle 235°C / bed 53°C) https://eu.esun3d.com/elastic-tpe-83a-product
2026-08-25T16:34:23.596Z generic ok PLA-Luminous Rainbow filament (nozzle 210°C / bed 53°C) https://eu.esun3d.com/luminous-pla-rainbow-product
2026-08-25T16:34:25.067Z generic ok PETG-Luminous (nozzle 240°C / bed 83°C) https://eu.esun3d.com/pet-luminous-product
2026-08-25T16:34:26.570Z generic ok ASA+ (nozzle 265°C / bed 100°C) https://eu.esun3d.com/asa-pro-product
2026-08-25T16:34:28.186Z generic ok ABS+HS (nozzle 250°C / bed 103°C) https://eu.esun3d.com/eabshs-product
2026-08-25T16:34:29.603Z generic ok TPU-95A Rainbow (nozzle 235°C / bed 53°C) https://eu.esun3d.com/tpu-95a-rainbow-product
2026-08-25T16:34:31.057Z generic ok PLA-Twinkling (nozzle 215°C / bed 53°C) https://eu.esun3d.com/etwinkling-product
2026-08-25T16:34:32.751Z generic ok PLA-Clear Rainbow (nozzle 225°C / bed 53°C) https://eu.esun3d.com/pla-clear-rainbow-product
2026-08-25T16:34:34.193Z generic ok PLA-HF (nozzle 220°C / bed 55°C) https://eu.esun3d.com/pla-hf-product
2026-08-25T16:34:35.623Z generic ok TPU-64D (nozzle 230°C / bed 30°C) https://eu.esun3d.com/tpu64d-product
2026-08-25T16:34:37.196Z generic ok PLA-Coffee (nozzle 220°C / bed 60°C) https://eu.esun3d.com/pla-coffee-product
2026-08-25T16:34:38.757Z generic ok ABS-CF (nozzle 255°C / bed 105°C) https://eu.esun3d.com/eabs-cf-product
2026-08-25T16:34:40.132Z generic ok ABS-GF (nozzle 255°C / bed 110°C) https://eu.esun3d.com/eabs-gf-product
2026-08-25T16:34:41.616Z generic ok ABS-HT (nozzle 250°C / bed 110°C) https://eu.esun3d.com/eabs-ht-product
2026-08-25T16:34:43.133Z generic ok PETG-CF (nozzle 250°C / bed 83°C) https://eu.esun3d.com/epetg-cf-product
2026-08-25T16:34:44.592Z generic ok PET-CF (nozzle 275°C / bed 95°C) https://eu.esun3d.com/pet-cf-product
2026-08-25T16:34:46.075Z generic ok PA-CF (nozzle 280°C / bed 75°C) https://eu.esun3d.com/epa-cf-product
2026-08-25T16:34:47.616Z generic ok PA12+CF (nozzle 270°C / bed 80°C) https://eu.esun3d.com/epa12cf-product
2026-08-25T16:34:49.097Z generic ok PA (nozzle 270°C / bed 80°C) https://eu.esun3d.com/epa-product
2026-08-25T16:34:50.578Z generic ok PVA (nozzle 205°C / bed 53°C) https://eu.esun3d.com/pva-product
2026-08-25T16:34:52.085Z generic ok PC-HT (nozzle 295°C / bed 105°C) https://eu.esun3d.com/pc-ht-product
2026-08-25T16:34:53.576Z generic ok PETG-ESD (nozzle 250°C / bed 70°C) https://eu.esun3d.com/petg-esd-product
2026-08-25T16:34:55.051Z generic ok ABS-ESD (nozzle 265°C / bed 80°C) https://eu.esun3d.com/abs-esd-product
2026-08-25T16:34:56.755Z generic ok PLA+3KG1.75MM (nozzle 220°C / bed 53°C) https://eu.esun3d.com/pla-pro-3kg-product
2026-08-25T16:34:58.163Z generic ok PLA+5KG1.75MM (nozzle 220°C / bed 53°C) https://eu.esun3d.com/pla-pro-5kg-product
2026-08-25T16:34:59.570Z generic ok eResin-PLA Pro (nozzle 220°C / bed 53°C) https://eu.esun3d.com/eresin-pla-pro-product
2026-08-25T16:35:01.328Z generic ok PLA+Refilament (nozzle 220°C / bed 53°C) https://eu.esun3d.com/pla-refilament-product
2026-08-25T16:35:02.731Z generic ok PLA-Silk Refilament (nozzle 210°C / bed 53°C) https://eu.esun3d.com/epla-silk-refilament-product
2026-08-25T16:35:04.070Z generic ok PLA-Matte Refilament (nozzle 210°C / bed 53°C) https://eu.esun3d.com/epla-matte-refil-product
2026-08-25T16:35:05.584Z generic ok PLA-HS Refilament (nozzle 220°C / bed 53°C) https://eu.esun3d.com/epla-hs-refilament-product
2026-08-25T16:35:07.204Z generic ok PLA-Basic Refilament (nozzle 220°C / bed 53°C) https://eu.esun3d.com/pla-basic-refilament-product
2026-08-25T16:35:08.582Z generic ok PLA-Luminous Refilament (nozzle 210°C / bed 53°C) https://eu.esun3d.com/epla-luminous-r-product
2026-08-25T16:35:10.039Z generic ok PLA-Stars Refilament (nozzle 210°C / bed 53°C) https://eu.esun3d.com/estars-pla-refil-product
2026-08-25T16:35:11.642Z generic ok PLA-Wood Refilament (nozzle 223°C / bed 53°C) https://eu.esun3d.com/wood-refil-product
2026-08-25T16:35:13.158Z generic ok PETG-Matte Refilament (nozzle 250°C / bed 65°C) https://eu.esun3d.com/petg-matte-refil-product
2026-08-25T16:35:14.651Z generic ok PETG-Basic Refilament (nozzle 250°C / bed 83°C) https://eu.esun3d.com/petg-basic-refil-product
2026-08-25T16:35:16.090Z generic ok PETG-Luminous Refilament (nozzle 240°C / bed 83°C) https://eu.esun3d.com/petg-luminous-refil-product
2026-08-25T16:35:17.808Z generic ok PLA+ Refilament Set (nozzle 220°C / bed 53°C) https://eu.esun3d.com/pla-pro-refil-set-product
2026-08-25T16:35:19.184Z generic ok PLA-Silk Refilament Set (nozzle 210°C / bed 53°C) https://eu.esun3d.com/epla-silk-refil-set-product
2026-08-25T16:35:20.673Z generic ok PLA-Matte Refilament Set (nozzle 210°C / bed 53°C) https://eu.esun3d.com/epla-matte-refil-set-product
2026-08-25T16:35:22.246Z generic ok PLA-Basic Refilament Set (nozzle 220°C / bed 53°C) https://eu.esun3d.com/pla-basic-refil-set-product
2026-08-25T16:35:23.563Z generic ok ABS (nozzle 265°C / bed 103°C) https://eu.esun3d.com/abs-product
2026-08-25T16:35:25.118Z generic ok PLA-HS (nozzle 220°C / bed 53°C) https://eu.esun3d.com/epla-hs-product
2026-08-25T16:35:26.546Z generic ok HIPS (nozzle 250°C / bed 108°C) https://eu.esun3d.com/hips-product
2026-08-25T16:35:29.574Z generic ok PETG-UV Color Change (nozzle 255°C / bed 83°C) https://eu.esun3d.com/petg-uv-color-change-product
2026-08-25T16:35:31.166Z generic ok PETG+ (nozzle 240°C / bed 83°C) https://eu.esun3d.com/petg-pro-product
2026-08-25T16:35:32.547Z generic ok ABS-FR (nozzle 255°C / bed 103°C) https://eu.esun3d.com/eabs-max-product
2026-08-25T16:35:34.067Z generic ok PEEK-Industrial0.25KG (nozzle 410°C / bed 140°C) https://eu.esun3d.com/epeek-industrial-product
2026-08-25T16:35:35.584Z generic ok ABS2.5KG (nozzle 265°C / bed 100°C) https://eu.esun3d.com/abs-2dot5kg-product
2026-08-25T16:35:37.057Z generic ok ABS+2.5KG (nozzle 265°C / bed 100°C) https://eu.esun3d.com/abs-pro-2dot5kg-product
2026-08-25T16:35:38.598Z generic ok PC-ESD (nozzle 280°C / bed 100°C) https://eu.esun3d.com/pc-esd-product
2026-08-25T16:35:44.554Z generic ok A200 eResin-ABS Pro (nozzle 265°C / bed 100°C) https://eu.esun3d.com/a200-eresin-abs-pro-product
2026-08-25T16:35:46.126Z generic ok ABS-Like OdorLite (nozzle 265°C / bed 100°C) https://eu.esun3d.com/a300-abs-like-product
2026-08-25T16:35:49.081Z generic ok PA100 Nylon-Like Resin (nozzle 270°C / bed 80°C) https://eu.esun3d.com/pa100-nylon-like-resin-product
2026-08-25T16:36:02.768Z generic ok PLA-Basic 250gx8 (nozzle 220°C / bed 53°C) https://eu.esun3d.com/pla-basic-250g-product
2026-08-25T16:36:04.078Z generic ok PEBA-85A (nozzle 245°C / bed 60°C) https://eu.esun3d.com/peba-85a-product
2026-08-25T16:36:05.602Z generic ok ASA-LW (nozzle 233°C / bed 60°C) https://eu.esun3d.com/asa-lw-product
2026-08-25T16:36:07.088Z generic ok PET-FR (nozzle 310°C / bed 80°C) https://eu.esun3d.com/pet-fr-product
2026-08-25T16:36:08.637Z generic ok PLA+ CMYK Refilament with eSpool+ (nozzle 220°C / bed 53°C) https://eu.esun3d.com/pla-cmyk-refil-set-product
2026-08-25T16:36:10.189Z generic ok PLA+CMYK Refilament (nozzle 220°C / bed 53°C) https://eu.esun3d.com/epla-cmyk-refilament-product
2026-08-25T16:36:11.624Z generic ok PEBA-LW (nozzle 240°C / bed 55°C) https://eu.esun3d.com/peba-lw-product
2026-08-25T16:36:13.134Z generic ok PLA+CMYK (nozzle 220°C / bed 53°C) https://eu.esun3d.com/cmyk-product
2026-08-25T16:36:14.573Z generic ok PLA-Silk Candy (nozzle 220°C / bed 53°C) https://eu.esun3d.com/epla-silk-candy-product
2026-08-25T16:36:16.121Z generic ok PA12 (nozzle 275°C / bed 80°C) https://eu.esun3d.com/epa12-product
2026-08-25T16:36:17.600Z generic ok PETG Refilament (nozzle 240°C / bed 83°C) https://eu.esun3d.com/petg-refilament-product
2026-08-25T16:36:19.137Z generic ok PETG (nozzle 250°C / bed 83°C) https://eu.esun3d.com/petg-product
2026-08-25T16:36:22.074Z generic ok PEBA-90A (nozzle 245°C / bed 75°C) https://eu.esun3d.com/peba-product
2026-08-25T16:36:28.100Z generic ok PW100 PLA Water Washable Resin (nozzle 220°C / bed 53°C) https://eu.esun3d.com/pw100-pla-water-washable-resin-product
2026-08-25T16:36:28.102Z generic ok PLA ESD (nozzle 208°C / bed 25°C) https://spectrumfilaments.com/en/filament/pla-esd/
2026-08-25T16:36:28.105Z generic ok PEBA (nozzle 220°C / bed 25°C) https://spectrumfilaments.com/en/filament/peba/
2026-08-25T16:36:28.110Z generic ok PETG ESD (nozzle 245°C / bed 70°C) https://spectrumfilaments.com/en/filament/petg-esd/
2026-08-25T16:36:28.114Z generic ok HDPE (nozzle 275°C / bed 90°C) https://spectrumfilaments.com/en/filament/hdpe/
2026-08-25T16:36:28.119Z generic ok Prografen PET-G Graphene Light (nozzle 240°C / bed 70°C) https://spectrumfilaments.com/en/filament/prografen-petg-graphene-light/
2026-08-25T16:36:28.124Z generic ok Prografen PET-G Graphene Strong (nozzle 240°C / bed 70°C) https://spectrumfilaments.com/en/filament/prografen-petg-graphene-strong/
2026-08-25T16:36:28.129Z generic ok Prografen PLA Graphene Light (nozzle 215°C / bed 25°C) https://spectrumfilaments.com/en/filament/prografen-pla-graphene-light/
2026-08-25T16:36:28.135Z generic ok Prografen PLA Graphene Strong (nozzle 215°C / bed 25°C) https://spectrumfilaments.com/en/filament/prografen-pla-graphene-strong/
2026-08-25T16:36:29.397Z generic ok The Filament ASA CF (nozzle 253°C / bed 88°C) https://spectrumfilaments.com/en/filament/the-filament-asa-cf/
2026-08-25T16:36:30.672Z generic ok The Filament ASA (nozzle 250°C / bed 88°C) https://spectrumfilaments.com/en/filament/the-filament-asa/
2026-08-25T16:36:32.260Z generic ok The Filament PETG Lite (nozzle 245°C / bed 70°C) https://spectrumfilaments.com/en/filament/the-filament-petg-lite/
2026-08-25T16:36:33.687Z generic ok The Filament TPU 95A (nozzle 225°C / bed 25°C) https://spectrumfilaments.com/en/filament/the-filament-tpu-95a/
2026-08-25T16:36:35.054Z generic ok The Filament TPU 87A (nozzle 225°C / bed 25°C) https://spectrumfilaments.com/en/filament/the-filament-tpu-87a/
2026-08-25T16:36:36.599Z generic ok The Filament TPU 82A (nozzle 225°C / bed 25°C) https://spectrumfilaments.com/en/filament/the-filament-tpu-82a/
2026-08-25T16:36:38.251Z generic ok The Filament PLA Matte (nozzle 210°C / bed 25°C) https://spectrumfilaments.com/en/filament/the-filament-pla-matte/
2026-08-25T16:36:39.758Z generic ok The Filament PLA Lite (nozzle 210°C / bed 45°C) https://spectrumfilaments.com/en/filament/the-filament-pla-lite/
2026-08-25T16:36:41.245Z generic ok PLA Electrically Conductive (nozzle 220°C / bed 50°C) https://spectrumfilaments.com/en/filament/pla-electrically-conductive/
2026-08-25T16:36:42.589Z generic ok ASA Electrically Conductive (nozzle 255°C / bed 90°C) https://spectrumfilaments.com/en/filament/asa-electrically-conductive/
2026-08-25T16:36:44.141Z generic ok LW-ASA UltraFoam (nozzle 253°C / bed 65°C) https://spectrumfilaments.com/en/filament/lw-asa-ultrafoam/
2026-08-25T16:36:45.678Z generic ok THE FILAMENT HT-PLA (nozzle 208°C / bed 45°C) https://spectrumfilaments.com/en/filament/the-filament-ht-pla/
2026-08-25T16:36:48.714Z generic ok PETG Premium High Speed (nozzle 250°C / bed 70°C) https://spectrumfilaments.com/en/filament/pet-g-premium-high-speed/
2026-08-25T16:36:50.205Z generic ok ThermaTech PA (nozzle 265°C / bed 75°C) https://spectrumfilaments.com/en/filament/thermatech-pa/
2026-08-25T16:36:51.597Z generic ok PC CF (nozzle 295°C / bed 110°C) https://spectrumfilaments.com/en/filament/pc-cf/
2026-08-25T16:36:53.110Z generic ok Safeguard PLA (nozzle 215°C / bed 25°C) https://spectrumfilaments.com/en/filament/safeguard-pla/
2026-08-25T16:36:54.694Z generic ok PA12 CF15 (nozzle 273°C / bed 90°C) https://spectrumfilaments.com/en/filament/pa12-cf15/
2026-08-25T16:36:56.227Z generic ok PLA Metal Brass (nozzle 208°C / bed 45°C) https://spectrumfilaments.com/en/filament/pla-metal-brass/
2026-08-25T16:36:59.143Z generic ok FlameGuard PLA (nozzle 225°C / bed 50°C) https://spectrumfilaments.com/en/filament/pla-flameguard/
2026-08-25T16:37:00.626Z generic ok FlameGuard ASA 275 (nozzle 250°C / bed 65°C) https://spectrumfilaments.com/en/filament/asa-flameguard-275/
2026-08-25T16:37:02.234Z generic ok The Filament PETG (nozzle 243°C / bed 70°C) https://spectrumfilaments.com/en/filament/the-filament-petg/
2026-08-25T16:37:03.570Z generic ok The Filament PETG CF (nozzle 253°C / bed 70°C) https://spectrumfilaments.com/en/filament/the-filament-petg-cf/
2026-08-25T16:37:05.248Z generic ok The Filament PLA (nozzle 205°C / bed 25°C) https://spectrumfilaments.com/en/filament/the-filament-pla/
2026-08-25T16:37:06.745Z generic ok The Filament PLA CF (nozzle 215°C / bed 25°C) https://spectrumfilaments.com/en/filament/the-filament-pla-cf/
2026-08-25T16:37:08.200Z generic ok The Filament PLA HS (nozzle 218°C / bed 25°C) https://spectrumfilaments.com/en/filament/the-filament-pla-hs/
2026-08-25T16:37:09.809Z generic ok PLA Magic SILK (nozzle 228°C / bed 45°C) https://spectrumfilaments.com/en/filament/pla-magic-silk/
2026-08-25T16:37:11.409Z generic ok PLA High Speed (nozzle 218°C / bed 25°C) https://spectrumfilaments.com/en/filament/pla-high-speed/
2026-08-25T16:37:12.967Z generic ok PLA Silk Rainbow (nozzle 228°C / bed 45°C) https://spectrumfilaments.com/en/filament/pla-silk-rainbow/
2026-08-25T16:37:14.137Z generic ok Pellet PLA Carbon (nozzle 215°C / bed 25°C) https://spectrumfilaments.com/en/filament/pellet-pla-carbon/
2026-08-25T16:37:15.738Z generic ok Pellet PLA Premium (nozzle 208°C / bed 25°C) https://spectrumfilaments.com/en/filament/pellet-pla-premium/
2026-08-25T16:37:17.184Z generic ok Pellet ABS Kevlar (nozzle 260°C / bed 90°C) https://spectrumfilaments.com/en/filament/pellet-abs-kevlar/
2026-08-25T16:37:18.627Z generic ok Pellet ASA 275 (nozzle 245°C / bed 65°C) https://spectrumfilaments.com/en/filament/pellet-asa-275/
2026-08-25T16:37:20.035Z generic ok Pellet ASA-X CF10 (nozzle 255°C / bed 90°C) https://spectrumfilaments.com/en/filament/pellet-asa-x-cf10/
2026-08-25T16:37:21.716Z generic ok Pellet PET-G Carbon (nozzle 250°C / bed 70°C) https://spectrumfilaments.com/en/filament/pellet-pet-g-carbon/
2026-08-25T16:37:23.095Z generic ok Pellet PET-G Premium (nozzle 245°C / bed 70°C) https://spectrumfilaments.com/en/filament/pellet-pet-g-premium/
2026-08-25T16:37:24.743Z generic ok Pellet rPETG (nozzle 245°C / bed 70°C) https://spectrumfilaments.com/en/filament/pellet-rpetg/
2026-08-25T16:37:27.752Z generic ok Pellet WOOD (nozzle 188°C / bed 25°C) https://spectrumfilaments.com/en/filament/pellet-wood/
2026-08-25T16:37:29.146Z generic ok Pellet ASA Kevlar (nozzle 255°C / bed 90°C) https://spectrumfilaments.com/en/filament/pellet-asa-kevlar/
2026-08-25T16:37:30.732Z generic ok Pellet PLA Stone (nozzle 208°C / bed 25°C) https://spectrumfilaments.com/en/filament/pellet-pla-stone/
2026-08-25T16:37:32.215Z generic ok PLA Crystal (nozzle 208°C / bed 25°C) https://spectrumfilaments.com/en/filament/pla-crystal/
2026-08-25T16:37:33.739Z generic ok Pastello PLA (nozzle 208°C / bed 25°C) https://spectrumfilaments.com/en/filament/pastello-pla/
2026-08-25T16:37:35.213Z generic ok LW-PLA UltraFoam (nozzle 220°C / bed 25°C) https://spectrumfilaments.com/en/filament/lw-pla-ultrafoam/
2026-08-25T16:37:36.743Z generic ok GreenyPro (nozzle 215°C / bed 25°C) https://spectrumfilaments.com/en/filament/greenypro/
2026-08-25T16:37:38.265Z generic ok PLA Nature (nozzle 208°C / bed 25°C) https://spectrumfilaments.com/en/filament/pla-nature/
2026-08-25T16:37:39.752Z generic ok ASA-X GF10 (nozzle 255°C / bed 90°C) https://spectrumfilaments.com/en/filament/asa-x-gf10/
2026-08-25T16:37:41.209Z generic ok Huracan PLA (nozzle 225°C / bed 45°C) https://spectrumfilaments.com/en/filament/huracan-pla/
2026-08-25T16:37:42.710Z generic ok PC 275 (nozzle 295°C / bed 110°C) https://spectrumfilaments.com/en/filament/pc-275/
2026-08-25T16:37:44.179Z generic ok S-Flex Carbon (nozzle 228°C / bed 25°C) https://spectrumfilaments.com/en/filament/s-flex-carbon/
2026-08-25T16:37:45.559Z generic ok AquaPrint (nozzle 203°C / bed 48°C) https://spectrumfilaments.com/en/filament/aquaprint/
2026-08-25T16:37:47.237Z generic ok PC/ABS FR V0 (nozzle 255°C / bed 90°C) https://spectrumfilaments.com/en/filament/pc-abs-fr-v0/
2026-08-25T16:37:50.161Z generic ok PA6 Low Warp GF30™ (nozzle 265°C / bed 85°C) https://spectrumfilaments.com/en/filament/pa6-low-warp-gf30/
2026-08-25T16:37:51.688Z generic ok PA6 Low Warp CF15S (nozzle 265°C / bed 85°C) https://spectrumfilaments.com/en/filament/pa6-low-warp-cf15s/
2026-08-25T16:37:53.246Z generic ok PETG/PTFE (nozzle 250°C / bed 70°C) https://spectrumfilaments.com/en/filament/pet-g-ptfe/
2026-08-25T16:37:54.714Z generic ok PCTG CF10 (nozzle 260°C / bed 70°C) https://spectrumfilaments.com/en/filament/pctg-cf10/
2026-08-25T16:37:56.122Z generic ok PCTG GF10 (nozzle 260°C / bed 70°C) https://spectrumfilaments.com/en/filament/pctg-gf10/
2026-08-25T16:37:57.771Z generic ok ASA Kevlar (nozzle 255°C / bed 90°C) https://spectrumfilaments.com/en/filament/asa-kevlar/
2026-08-25T16:37:59.237Z generic ok ASA-X CF10™ (nozzle 255°C / bed 90°C) https://spectrumfilaments.com/en/filament/asa-x-cf10/
2026-08-25T16:38:00.537Z generic ok PPS AM230™ (nozzle 308°C / bed 110°C) https://spectrumfilaments.com/en/filament/pps-am230/
2026-08-25T16:38:02.173Z generic ok GreenyHT™ (nozzle 208°C / bed 25°C) https://spectrumfilaments.com/en/filament/greenyht/
2026-08-25T16:38:03.740Z generic ok rPETG (nozzle 245°C / bed 70°C) https://spectrumfilaments.com/en/filament/r-petg/
2026-08-25T16:38:06.643Z generic ok ABS Kevlar (nozzle 260°C / bed 90°C) https://spectrumfilaments.com/en/filament/abs-kevlar/
2026-08-25T16:38:08.104Z generic ok PA6 CS20 FR V0 (nozzle 275°C / bed 90°C) https://spectrumfilaments.com/en/filament/pa6-cs20-fr-v0/
2026-08-25T16:38:09.578Z generic ok PET-G FR V0 (nozzle 250°C / bed 70°C) https://spectrumfilaments.com/en/filament/pet-g-fr-v0/
2026-08-25T16:38:11.109Z generic ok PC/PTFE (nozzle 295°C / bed 110°C) https://spectrumfilaments.com/en/filament/pc-ptfe/
2026-08-25T16:38:12.671Z generic ok S-Flex 85A™ (nozzle 215°C / bed 25°C) https://spectrumfilaments.com/en/filament/s-flex-85a/
2026-08-25T16:38:14.255Z generic ok PET-G MATT (nozzle 250°C / bed 70°C) https://spectrumfilaments.com/en/filament/pet-g-matt/
2026-08-25T16:38:15.621Z generic ok rPLA (nozzle 208°C / bed 25°C) https://spectrumfilaments.com/en/filament/r-pla/
2026-08-25T16:38:17.074Z generic ok PP (nozzle 263°C / bed 90°C) https://spectrumfilaments.com/en/filament/pp/
2026-08-25T16:38:18.660Z generic ok PA6 Neat NT (nozzle 265°C / bed 85°C) https://spectrumfilaments.com/en/filament/pa6-neat-natural/
2026-08-25T16:38:20.196Z generic ok PA6 Neat BK (nozzle 265°C / bed 85°C) https://spectrumfilaments.com/en/filament/pa6-neat-black/
2026-08-25T16:38:21.714Z generic ok PA6 GK10 (nozzle 275°C / bed 90°C) https://spectrumfilaments.com/en/filament/pa6-gk10/
2026-08-25T16:38:23.155Z generic ok PA6 CF15 (nozzle 275°C / bed 90°C) https://spectrumfilaments.com/en/filament/pa6-cf15/
2026-08-25T16:38:24.761Z generic ok PET-G FX120™ (nozzle 250°C / bed 90°C) https://spectrumfilaments.com/en/filament/pet-g-fx120/
2026-08-25T16:38:26.228Z generic ok PET-G HT100™ (nozzle 265°C / bed 90°C) https://spectrumfilaments.com/en/filament/pet-g-ht100/
2026-08-25T16:38:27.686Z generic ok PET CF15 (nozzle 255°C / bed 60°C) https://spectrumfilaments.com/en/filament/pet-cf15/
2026-08-25T16:38:29.267Z generic ok smart ABS™ (nozzle 255°C / bed 90°C) https://spectrumfilaments.com/en/filament/smart-abs/
2026-08-25T16:38:30.795Z generic ok HIPS-X™ (nozzle 245°C / bed 90°C) https://spectrumfilaments.com/en/filament/hips-x/
2026-08-25T16:38:32.227Z generic ok ASA 275™ (nozzle 245°C / bed 65°C) https://spectrumfilaments.com/en/filament/asa-275/
2026-08-25T16:38:33.714Z generic ok PA6 Low Warp™ (nozzle 260°C / bed 70°C) https://spectrumfilaments.com/en/filament/pa6-low-wrap/
2026-08-25T16:38:35.177Z generic ok S-Flex 98A™ (nozzle 215°C / bed 25°C) https://spectrumfilaments.com/en/filament/s-flex-98a/
2026-08-25T16:38:36.747Z generic ok S-Flex 90A™ (nozzle 215°C / bed 25°C) https://spectrumfilaments.com/en/filament/s-flex-90a/
2026-08-25T16:38:38.171Z generic ok ABS Medical (nozzle 255°C / bed 90°C) https://spectrumfilaments.com/en/filament/abs-medical/
2026-08-25T16:38:39.668Z generic ok ABS GP450™ (nozzle 255°C / bed 90°C) https://spectrumfilaments.com/en/filament/abs-gp450/
2026-08-25T16:38:41.104Z generic ok WOOD (nozzle 188°C / bed 25°C) https://spectrumfilaments.com/en/filament/wood/
2026-08-25T16:38:42.714Z generic ok PET-G Carbon (nozzle 250°C / bed 70°C) https://spectrumfilaments.com/en/filament/pet-g-carbon/
2026-08-25T16:38:44.243Z generic ok PET-G Glitter (nozzle 245°C / bed 70°C) https://spectrumfilaments.com/en/filament/pet-g-glitter/
2026-08-25T16:38:45.780Z generic ok PET-G Glow in the Dark (nozzle 245°C / bed 70°C) https://spectrumfilaments.com/en/filament/pet-g-glow/
2026-08-25T16:38:47.252Z generic ok PET-G Premium (nozzle 245°C / bed 70°C) https://spectrumfilaments.com/en/filament/pet-g-premium/
2026-08-25T16:38:48.768Z generic ok PLA Carbon (nozzle 215°C / bed 25°C) https://spectrumfilaments.com/en/filament/pla-carbon/
2026-08-25T16:38:50.233Z generic ok PLA Thermoactive (nozzle 208°C / bed 25°C) https://spectrumfilaments.com/en/filament/pla-thermoactive/
2026-08-25T16:38:51.633Z generic ok PLA Stone Age™ (nozzle 208°C / bed 25°C) https://spectrumfilaments.com/en/filament/pla-stone/
2026-08-25T16:38:53.216Z generic ok PLA Tough (nozzle 215°C / bed 25°C) https://spectrumfilaments.com/en/filament/pla-tough/
2026-08-25T16:38:54.672Z generic ok PLA Glitter (nozzle 208°C / bed 25°C) https://spectrumfilaments.com/en/filament/pla-glitter/
2026-08-25T16:38:56.272Z generic ok PLA Glow in the Dark (nozzle 208°C / bed 25°C) https://spectrumfilaments.com/en/filament/pla-glow/
2026-08-25T16:38:57.862Z generic ok PLA SILK (nozzle 228°C / bed 45°C) https://spectrumfilaments.com/en/filament/silk-pla/
2026-08-25T16:38:59.285Z generic ok PLA MATT (nozzle 215°C / bed 25°C) https://spectrumfilaments.com/en/filament/pla-matt/
2026-08-25T16:39:00.718Z generic ok PLA Premium (nozzle 208°C / bed 25°C) https://spectrumfilaments.com/en/filament/pla-premium/
2026-08-25T16:39:02.252Z generic ok PLA Pro (nozzle 215°C / bed 45°C) https://spectrumfilaments.com/en/filament/pla-pro/
2026-08-25T16:39:02.261Z generic ok 3DJAKE ecoPLA White (nozzle 205°C / bed 30°C) https://www.3djake.com/3djake/ecopla-white
2026-08-25T16:39:02.269Z generic ok 3DJAKE ecoPLA Dark Green (nozzle 205°C / bed 30°C) https://www.3djake.com/3djake/ecopla-dark-green
2026-08-25T16:39:02.274Z generic ok 3DJAKE ecoPLA Orange (nozzle 205°C / bed 30°C) https://www.3djake.com/3djake/ecopla-orange
2026-08-25T16:39:02.282Z generic ok 3DJAKE ecoPLA Red (nozzle 205°C / bed 30°C) https://www.3djake.com/3djake/ecopla-red
2026-08-25T16:39:02.289Z generic ok 3DJAKE ecoPLA Transparent (nozzle 205°C / bed 30°C) https://www.3djake.com/3djake/ecopla-transparent
2026-08-25T16:39:02.295Z generic ok 3DJAKE ecoPLA Silver (nozzle 205°C / bed 30°C) https://www.3djake.com/3djake/ecopla-silver
2026-08-25T16:39:02.303Z generic ok 3DJAKE ecoPLA Bronze (nozzle 205°C / bed 30°C) https://www.3djake.com/3djake/ecopla-bronze
2026-08-25T16:39:02.309Z generic ok 3DJAKE ecoPLA Dark Blue (nozzle 205°C / bed 30°C) https://www.3djake.com/3djake/ecopla-dark-blue
2026-08-25T16:39:02.657Z generic ok 3DJAKE ecoPLA Dark Grey (nozzle 205°C / bed 30°C) https://www.3djake.com/3djake/ecopla-dark-grey
2026-08-25T16:39:03.999Z generic ok 3DJAKE ecoPLA Light Grey (nozzle 205°C / bed 30°C) https://www.3djake.com/3djake/ecopla-light-grey
2026-08-25T16:39:04.009Z generic ok 3DJAKE ecoPLA Black (nozzle 205°C / bed 30°C) https://www.3djake.com/3djake/ecopla-black
2026-08-25T16:39:05.531Z generic ok 3DJAKE ecoPLA Sky Blue (nozzle 205°C / bed 30°C) https://www.3djake.com/3djake/ecopla-sky-blue
2026-08-25T16:39:07.044Z generic ok 3DJAKE ecoPLA Light Green (nozzle 205°C / bed 30°C) https://www.3djake.com/3djake/ecopla-light-green
2026-08-25T16:39:08.596Z generic ok 3DJAKE ecoPLA Yellow (nozzle 205°C / bed 30°C) https://www.3djake.com/3djake/ecopla-yellow
2026-08-25T16:39:10.002Z generic ok 3DJAKE ecoPLA Purple (nozzle 205°C / bed 30°C) https://www.3djake.com/3djake/ecopla-purple
2026-08-25T16:39:11.503Z generic ok 3DJAKE ecoPLA Pink (nozzle 205°C / bed 30°C) https://www.3djake.com/3djake/ecopla-pink
2026-08-25T16:39:12.998Z generic ok 3DJAKE ecoPLA Brown (nozzle 205°C / bed 30°C) https://www.3djake.com/3djake/ecopla-brown
2026-08-25T16:39:14.500Z generic ok 3DJAKE ecoPLA Neon Yellow (nozzle 205°C / bed 30°C) https://www.3djake.com/3djake/ecopla-neon-yellow
2026-08-25T16:39:15.999Z generic ok 3DJAKE ecoPLA Neon Orange (nozzle 205°C / bed 30°C) https://www.3djake.com/3djake/ecopla-neon-orange
2026-08-25T16:39:17.553Z generic ok 3DJAKE ecoPLA Neon Green (nozzle 205°C / bed 30°C) https://www.3djake.com/3djake/ecopla-neon-green
2026-08-25T16:39:19.010Z generic ok 3DJAKE ecoPLA Glow (nozzle 205°C / bed 30°C) https://www.3djake.com/3djake/ecopla-glow
2026-08-25T16:39:20.504Z generic ok 3DJAKE ecoPLA Pastel Blue (nozzle 205°C / bed 30°C) https://www.3djake.com/3djake/ecopla-pastel-blue
2026-08-25T16:39:22.000Z generic ok 3DJAKE ecoPLA - Pastel Green (nozzle 205°C / bed 30°C) https://www.3djake.com/3djake/ecopla-pastel-green
2026-08-25T16:39:23.556Z generic ok 3DJAKE ecoPLA Pastel Pink (nozzle 205°C / bed 30°C) https://www.3djake.com/3djake/ecopla-pastel-pink
2026-08-25T16:39:25.016Z generic ok 3DJAKE ecoPLA White & Black Economy Set, 2 x (nozzle 205°C / bed 30°C) https://www.3djake.com/3djake/ecopla-white-black-economy-set
2026-08-25T16:39:26.544Z generic ok 3DJAKE ASA White (nozzle 230°C / bed 80°C) https://www.3djake.com/3djake/asa-white
2026-08-25T16:39:28.003Z generic ok 3DJAKE ASA Black (nozzle 230°C / bed 80°C) https://www.3djake.com/3djake/asa-black
2026-08-25T16:39:29.499Z generic ok 3DJAKE ASA Silver (nozzle 230°C / bed 80°C) https://www.3djake.com/3djake/asa-silver
2026-08-25T16:39:31.041Z generic ok 3DJAKE ASA Red (nozzle 230°C / bed 80°C) https://www.3djake.com/3djake/asa-red
2026-08-25T16:39:32.544Z generic ok 3DJAKE ASA Dark Blue (nozzle 230°C / bed 80°C) https://www.3djake.com/3djake/asa-dark-blue
2026-08-25T16:39:34.002Z generic ok 3DJAKE ASA Dark Grey (nozzle 230°C / bed 80°C) https://www.3djake.com/3djake/asa-dark-grey
2026-08-25T16:39:35.501Z generic ok 3DJAKE ASA Light Blue (nozzle 230°C / bed 80°C) https://www.3djake.com/3djake/asa-light-blue
2026-08-25T16:39:36.999Z generic ok 3DJAKE ASA Light Green (nozzle 230°C / bed 80°C) https://www.3djake.com/3djake/asa-light-green
2026-08-25T16:39:38.529Z generic ok 3DJAKE ASA Orange (nozzle 230°C / bed 80°C) https://www.3djake.com/3djake/asa-orange
2026-08-25T16:39:40.006Z generic ok 3DJAKE ASA Light Grey (nozzle 230°C / bed 80°C) https://www.3djake.com/3djake/asa-light-grey
2026-08-25T16:39:41.492Z generic ok 3DJAKE TPU A95 Transparent (nozzle 215°C / bed 75°C) https://www.3djake.com/3djake/tpu-a95-transparent
2026-08-25T16:39:43.008Z generic ok 3DJAKE TPU A95 White (nozzle 215°C / bed 75°C) https://www.3djake.com/3djake/tpu-a95-white
2026-08-25T16:39:44.619Z generic ok 3DJAKE TPU A95 Black (nozzle 215°C / bed 75°C) https://www.3djake.com/3djake/tpu-a95-black
2026-08-25T16:39:46.007Z generic ok 3DJAKE TPU A95 Silver (nozzle 215°C / bed 75°C) https://www.3djake.com/3djake/tpu-a95-silver
2026-08-25T16:39:47.506Z generic ok 3DJAKE TPU A95 Red (nozzle 215°C / bed 75°C) https://www.3djake.com/3djake/tpu-a95-red
2026-08-25T16:39:49.060Z generic ok 3DJAKE TPU A95 Dark Blue (nozzle 215°C / bed 75°C) https://www.3djake.com/3djake/tpu-a95-dark-blue
2026-08-25T16:39:50.505Z generic ok 3DJAKE TPU A95 Dark Grey (nozzle 215°C / bed 75°C) https://www.3djake.com/3djake/tpu-a95-dark-grey
2026-08-25T16:39:52.008Z generic ok 3DJAKE TPU A95 Light Blue (nozzle 215°C / bed 75°C) https://www.3djake.com/3djake/tpu-a95-light-blue
2026-08-25T16:39:53.544Z generic ok 3DJAKE TPU A95 Light Green (nozzle 215°C / bed 75°C) https://www.3djake.com/3djake/tpu-a95-light-green
2026-08-25T16:39:55.063Z generic ok 3DJAKE TPU A95 Orange (nozzle 215°C / bed 75°C) https://www.3djake.com/3djake/tpu-a95-orange
2026-08-25T16:39:56.512Z generic ok 3DJAKE TPU A95 Light Grey (nozzle 215°C / bed 75°C) https://www.3djake.com/3djake/tpu-a95-light-grey
2026-08-25T16:40:04.063Z generic ok 3DJAKE PCTG White (nozzle 260°C / bed 100°C) https://www.3djake.com/3djake/pctg-white-1
2026-08-25T16:40:05.510Z generic ok 3DJAKE PCTG Silver (nozzle 260°C / bed 100°C) https://www.3djake.com/3djake/pctg-silver
2026-08-25T16:40:07.015Z generic ok 3DJAKE PCTG Black (nozzle 260°C / bed 100°C) https://www.3djake.com/3djake/pctg-black-1
2026-08-25T16:40:08.509Z generic ok 3DJAKE PCTG Red (nozzle 260°C / bed 100°C) https://www.3djake.com/3djake/pctg-red-1
2026-08-25T16:40:10.013Z generic ok 3DJAKE PCTG Light Blue (nozzle 260°C / bed 100°C) https://www.3djake.com/3djake/pctg-light-blue
2026-08-25T16:40:11.736Z generic ok 3DJAKE PCTG Dark Blue (nozzle 260°C / bed 100°C) https://www.3djake.com/3djake/pctg-dark-blue
2026-08-25T16:40:13.014Z generic ok 3DJAKE PCTG Light Green (nozzle 260°C / bed 100°C) https://www.3djake.com/3djake/pctg-light-green
2026-08-25T16:40:14.563Z generic ok 3DJAKE PCTG Dark Green (nozzle 260°C / bed 100°C) https://www.3djake.com/3djake/pctg-dark-green
2026-08-25T16:40:16.011Z generic ok 3DJAKE PCTG Transparent (nozzle 260°C / bed 100°C) https://www.3djake.com/3djake/pctg-transparent
2026-08-25T16:40:17.516Z generic ok 3DJAKE PCTG Transparent Yellow (nozzle 260°C / bed 100°C) https://www.3djake.com/3djake/pctg-transparent-yellow
2026-08-25T16:40:19.053Z generic ok 3DJAKE PCTG Transparent Red (nozzle 260°C / bed 100°C) https://www.3djake.com/3djake/pctg-transparent-red
2026-08-25T16:40:20.519Z generic ok 3DJAKE PCTG Transparent Blue (nozzle 260°C / bed 100°C) https://www.3djake.com/3djake/pctg-transparent-blue
2026-08-25T16:40:22.059Z generic ok 3DJAKE PCTG Transparent Green (nozzle 260°C / bed 100°C) https://www.3djake.com/3djake/pctg-transparent-green
2026-08-25T16:40:23.517Z generic ok 3DJAKE ecoPLA Wood Dark Brown (nozzle 220°C / bed 55°C) https://www.3djake.com/3djake/ecopla-wood-dark-brown
2026-08-25T16:40:25.051Z generic ok 3DJAKE ecoPLA Wood Light Brown (nozzle 220°C / bed 55°C) https://www.3djake.com/3djake/ecopla-wood-light-brown
2026-08-25T16:40:26.528Z generic ok 3DJAKE ecoPLA Marble (nozzle 220°C / bed 55°C) https://www.3djake.com/3djake/ecopla-marble
2026-08-25T16:40:28.229Z generic ok 3DJAKE ecoPLA Sparkling Silver (nozzle 220°C / bed 55°C) https://www.3djake.com/3djake/ecopla-sparkling-silver
2026-08-25T16:40:29.517Z generic ok 3DJAKE ecoPLA Sparkling Blue (nozzle 220°C / bed 55°C) https://www.3djake.com/3djake/ecopla-sparkling-blue
2026-08-25T16:40:31.022Z generic ok 3DJAKE ecoPLA Sparkling Green (nozzle 220°C / bed 55°C) https://www.3djake.com/3djake/ecopla-sparkling-green
2026-08-25T16:40:32.552Z generic ok 3DJAKE ecoPLA Sparkling Grey (nozzle 220°C / bed 55°C) https://www.3djake.com/3djake/ecopla-sparkling-grey
2026-08-25T16:40:34.012Z generic ok 3DJAKE ecoPLA Sparkling Gold (nozzle 220°C / bed 55°C) https://www.3djake.com/3djake/ecopla-sparkling-gold
2026-08-25T16:40:35.514Z generic ok 3DJAKE ecoPLA Sparkling Purple (nozzle 220°C / bed 55°C) https://www.3djake.com/3djake/ecopla-sparkling-purple
2026-08-25T16:40:37.021Z generic ok 3DJAKE ecoPLA Sparkling Red (nozzle 220°C / bed 55°C) https://www.3djake.com/3djake/ecopla-sparkling-red
2026-08-25T16:40:38.518Z generic ok 3DJAKE magicPLA Purple Delirium (nozzle 220°C / bed 55°C) https://www.3djake.com/3djake/magicpla-purple-delirium
2026-08-25T16:40:40.025Z generic ok 3DJAKE magicPLA Tropical Sea (nozzle 220°C / bed 55°C) https://www.3djake.com/3djake/magicpla-tropical-sea
2026-08-25T16:40:41.521Z generic ok 3DJAKE magicPLA Mint Blush (nozzle 220°C / bed 55°C) https://www.3djake.com/3djake/magicpla-mint-blush
2026-08-25T16:40:43.029Z generic ok 3DJAKE magicPLA Golden Alloy (nozzle 220°C / bed 55°C) https://www.3djake.com/3djake/magicpla-golden-alloy
2026-08-25T16:40:44.523Z generic ok 3DJAKE magicPLA Cotton Candy (nozzle 220°C / bed 55°C) https://www.3djake.com/3djake/magicpla-cotton-candy
2026-08-25T16:40:46.076Z generic ok 3DJAKE magicPLA Frozen Raspberry (nozzle 220°C / bed 55°C) https://www.3djake.com/3djake/magicpla-frozen-raspberry
2026-08-25T16:40:47.534Z generic ok 3DJAKE magicPLA Lemon Grass (nozzle 220°C / bed 55°C) https://www.3djake.com/3djake/magicpla-lemon-gras
2026-08-25T16:40:49.090Z generic ok 3DJAKE magicPLA Arabian Nights (nozzle 220°C / bed 55°C) https://www.3djake.com/3djake/magicpla-arabian-nights
2026-08-25T16:40:50.531Z generic ok 3DJAKE mysteryPLA Berry Popsicle (nozzle 220°C / bed 55°C) https://www.3djake.com/3djake/mysterypla-berry-popsicle
2026-08-25T16:40:52.025Z generic ok 3DJAKE mysteryPLA Northern Lights (nozzle 220°C / bed 55°C) https://www.3djake.com/3djake/mysterypla-northern-lights
2026-08-25T16:40:53.533Z generic ok 3DJAKE mysteryPLA Amethyst Dream (nozzle 220°C / bed 55°C) https://www.3djake.com/3djake/mysterypla-amethyst-dream
2026-08-25T16:40:55.038Z generic ok 3DJAKE mysteryPLA Magic in a Jar (nozzle 220°C / bed 55°C) https://www.3djake.com/3djake/mysterypla-magic-in-a-jar
2026-08-25T16:40:56.580Z generic ok 3DJAKE mysteryPLA Orion Nebula (nozzle 220°C / bed 55°C) https://www.3djake.com/3djake/mysterypla-orion-nebula
2026-08-25T16:40:58.028Z generic ok 3DJAKE mysteryPLA Epic Thunderstorm (nozzle 220°C / bed 55°C) https://www.3djake.com/3djake/mysterypla-epic-thunderstorm
2026-08-25T16:40:59.527Z generic ok 3DJAKE ecoPLA Silk Rainbow Lollipop (nozzle 220°C / bed 55°C) https://www.3djake.com/3djake/ecopla-silk-rainbow-lollipop
2026-08-25T16:41:01.071Z generic ok 3DJAKE ecoPLA Silk Rainbow Candyshop (nozzle 220°C / bed 55°C) https://www.3djake.com/3djake/ecopla-silk-rainbow-candyshop
2026-08-25T16:41:02.578Z generic ok 3DJAKE ecoPLA Silk Raspberry (nozzle 220°C / bed 55°C) https://www.3djake.com/3djake/ecopla-silk-raspberry
2026-08-25T16:41:04.034Z generic ok 3DJAKE ecoPLA Silk Blue (nozzle 220°C / bed 55°C) https://www.3djake.com/3djake/ecopla-silk-blue
2026-08-25T16:41:05.534Z generic ok 3DJAKE ecoPLA Silk Green (nozzle 220°C / bed 55°C) https://www.3djake.com/3djake/ecopla-silk-green
2026-08-25T16:41:07.037Z generic ok 3DJAKE ecoPLA Silk Gold (nozzle 220°C / bed 55°C) https://www.3djake.com/3djake/ecopla-silk-gold
2026-08-25T16:41:08.539Z generic ok 3DJAKE ecoPLA Silk Silver (nozzle 220°C / bed 55°C) https://www.3djake.com/3djake/ecopla-silk-silver
2026-08-25T16:41:10.039Z generic ok 3DJAKE ecoPLA Silk Yellow (nozzle 220°C / bed 55°C) https://www.3djake.com/3djake/ecopla-silk-yellow
2026-08-25T16:41:11.602Z generic ok 3DJAKE ecoPLA Silk Black (nozzle 220°C / bed 55°C) https://www.3djake.com/3djake/ecopla-silk-black
2026-08-25T16:41:13.037Z generic ok 3DJAKE ecoPLA Silk Purple (nozzle 220°C / bed 55°C) https://www.3djake.com/3djake/ecopla-silk-purple
2026-08-25T16:41:19.264Z generic ok 3DJAKE ecoPLA Silk Copper (nozzle 220°C / bed 55°C) https://www.3djake.com/3djake/ecopla-silk-copper
2026-08-25T16:41:20.601Z generic ok 3DJAKE ASA Yellow (nozzle 230°C / bed 80°C) https://www.3djake.com/3djake/asa-yellow-2
2026-08-25T16:41:22.050Z generic ok 3DJAKE ASA Violet (nozzle 230°C / bed 80°C) https://www.3djake.com/3djake/asa-purple-1
2026-08-25T16:41:23.552Z generic ok 3DJAKE ASA Dark Green (nozzle 230°C / bed 80°C) https://www.3djake.com/3djake/asa-dark-green
2026-08-25T16:41:25.088Z generic ok 3DJAKE PCTG Yellow (nozzle 260°C / bed 100°C) https://www.3djake.com/3djake/pctg-yellow
2026-08-25T16:41:26.549Z generic ok 3DJAKE PCTG Purple (nozzle 260°C / bed 100°C) https://www.3djake.com/3djake/pctg-purple
2026-08-25T16:41:28.108Z generic ok 3DJAKE TPU A95 Yellow (nozzle 215°C / bed 75°C) https://www.3djake.com/3djake/tpu-a95-yellow
2026-08-25T16:41:29.555Z generic ok 3DJAKE TPU A95 Dark Green (nozzle 215°C / bed 75°C) https://www.3djake.com/3djake/tpu-a95-dark-green
2026-08-25T16:41:31.065Z generic ok 3DJAKE TPU A95 Purple (nozzle 215°C / bed 75°C) https://www.3djake.com/3djake/tpu-a95-purple
2026-08-25T16:41:35.560Z generic ok 3DJAKE easyPETG Black (nozzle 240°C / bed 75°C) https://www.3djake.com/3djake/easypetg-black
2026-08-25T16:41:37.132Z generic ok 3DJAKE easyPETG Bronze (nozzle 240°C / bed 75°C) https://www.3djake.com/3djake/easypetg-bronze
2026-08-25T16:41:38.560Z generic ok 3DJAKE easyPETG Brown (nozzle 240°C / bed 75°C) https://www.3djake.com/3djake/easypetg-brown
2026-08-25T16:41:40.065Z generic ok 3DJAKE easyPETG Dark Blue (nozzle 240°C / bed 75°C) https://www.3djake.com/3djake/easypetg-dark-blue
2026-08-25T16:41:41.564Z generic ok 3DJAKE easyPETG Dark Green (nozzle 240°C / bed 75°C) https://www.3djake.com/3djake/easypetg-dark-green
2026-08-25T16:41:43.099Z generic ok 3DJAKE easyPETG Dark Grey (nozzle 240°C / bed 75°C) https://www.3djake.com/3djake/easypetg-dark-grey
2026-08-25T16:41:44.564Z generic ok 3DJAKE easyPETG Glow (nozzle 240°C / bed 75°C) https://www.3djake.com/3djake/easypetg-glow
2026-08-25T16:41:46.067Z generic ok 3DJAKE easyPETG Light Green (nozzle 240°C / bed 75°C) https://www.3djake.com/3djake/easypetg-light-green
2026-08-25T16:41:47.570Z generic ok 3DJAKE easyPETG Light Grey (nozzle 240°C / bed 75°C) https://www.3djake.com/3djake/easypetg-light-grey
2026-08-25T16:41:49.062Z generic ok 3DJAKE easyPETG Neon Green (nozzle 240°C / bed 75°C) https://www.3djake.com/3djake/easypetg-neon-green
2026-08-25T16:41:50.572Z generic ok 3DJAKE easyPETG Neon Orange (nozzle 240°C / bed 75°C) https://www.3djake.com/3djake/easypetg-neon-orange
2026-08-25T16:41:52.066Z generic ok 3DJAKE easyPETG Neon Yellow (nozzle 240°C / bed 75°C) https://www.3djake.com/3djake/easypetg-neon-yellow
2026-08-25T16:41:53.561Z generic ok 3DJAKE easyPETG Orange (nozzle 240°C / bed 75°C) https://www.3djake.com/3djake/easypetg-orange
2026-08-25T16:41:55.063Z generic ok 3DJAKE easyPETG Pastel Blue (nozzle 240°C / bed 75°C) https://www.3djake.com/3djake/easypetg-pastel-blue
2026-08-25T16:41:56.623Z generic ok 3DJAKE easyPETG Pastel Green (nozzle 240°C / bed 75°C) https://www.3djake.com/3djake/easypetg-pastel-green
2026-08-25T16:41:58.062Z generic ok 3DJAKE easyPETG Pastel Pink (nozzle 240°C / bed 75°C) https://www.3djake.com/3djake/easypetg-pastel-pink
2026-08-25T16:41:59.573Z generic ok 3DJAKE easyPETG Pink (nozzle 240°C / bed 75°C) https://www.3djake.com/3djake/easypetg-pink
2026-08-25T16:42:01.071Z generic ok 3DJAKE easyPETG Purple (nozzle 240°C / bed 75°C) https://www.3djake.com/3djake/easypetg-purple
2026-08-25T16:42:02.578Z generic ok 3DJAKE easyPETG Red (nozzle 240°C / bed 75°C) https://www.3djake.com/3djake/easypetg-red
2026-08-25T16:42:04.073Z generic ok 3DJAKE easyPETG Silver (nozzle 240°C / bed 75°C) https://www.3djake.com/3djake/easypetg-silver
2026-08-25T16:42:05.572Z generic ok 3DJAKE easyPETG Sky Blue (nozzle 240°C / bed 75°C) https://www.3djake.com/3djake/easypetg-sky-blue
2026-08-25T16:42:07.070Z generic ok 3DJAKE easyPETG Transparent (nozzle 240°C / bed 75°C) https://www.3djake.com/3djake/easypetg-transparent
2026-08-25T16:42:08.628Z generic ok 3DJAKE easyPETG White (nozzle 240°C / bed 75°C) https://www.3djake.com/3djake/easypetg-white
2026-08-25T16:42:10.073Z generic ok 3DJAKE easyPETG Yellow (nozzle 240°C / bed 75°C) https://www.3djake.com/3djake/easypetg-yellow
2026-08-25T16:42:11.573Z generic ok 3DJAKE easyPETG Transparent Red (nozzle 240°C / bed 75°C) https://www.3djake.com/3djake/easypetg-transparent-red
2026-08-25T16:42:13.075Z generic ok 3DJAKE easyPETG Transparent Yellow (nozzle 240°C / bed 75°C) https://www.3djake.com/3djake/easypetg-transparent-yellow
2026-08-25T16:42:14.590Z generic ok 3DJAKE easyPETG Transparent Green (nozzle 240°C / bed 75°C) https://www.3djake.com/3djake/easypetg-transparent-green
2026-08-25T16:42:16.075Z generic ok 3DJAKE easyPETG Transparent Blue (nozzle 240°C / bed 75°C) https://www.3djake.com/3djake/easypetg-transparent-blue
2026-08-25T16:42:17.622Z generic ok 3DJAKE ABS Black (nozzle 235°C / bed 105°C) https://www.3djake.com/3djake/abs-black-12
2026-08-25T16:42:19.081Z generic ok 3DJAKE ABS White (nozzle 235°C / bed 105°C) https://www.3djake.com/3djake/abs-white-9
2026-08-25T16:42:20.576Z generic ok 3DJAKE ABS Dark Blue (nozzle 235°C / bed 105°C) https://www.3djake.com/3djake/abs-dark-blue-1
2026-08-25T16:42:22.076Z generic ok 3DJAKE ABS Silver (nozzle 235°C / bed 105°C) https://www.3djake.com/3djake/abs-silver-4
2026-08-25T16:42:23.635Z generic ok 3DJAKE ABS Dark Grey (nozzle 235°C / bed 105°C) https://www.3djake.com/3djake/abs-dark-grey-1
2026-08-25T16:42:25.080Z generic ok 3DJAKE ABS Red (nozzle 235°C / bed 105°C) https://www.3djake.com/3djake/abs-red-8
2026-08-25T16:42:26.577Z generic ok 3DJAKE ABS Light Blue (nozzle 235°C / bed 105°C) https://www.3djake.com/3djake/abs-light-blue-2
2026-08-25T16:42:28.074Z generic ok 3DJAKE ABS Yellow (nozzle 235°C / bed 105°C) https://www.3djake.com/3djake/abs-yellow-6
2026-08-25T16:42:29.609Z generic ok 3DJAKE ABS Light Green (nozzle 235°C / bed 105°C) https://www.3djake.com/3djake/abs-light-green-1
2026-08-25T16:42:31.155Z generic ok 3DJAKE ABS Light Grey (nozzle 235°C / bed 105°C) https://www.3djake.com/3djake/abs-light-grey
2026-08-25T16:42:32.637Z generic ok 3DJAKE ABS Orange (nozzle 235°C / bed 105°C) https://www.3djake.com/3djake/abs-orange-6
2026-08-25T16:42:34.084Z generic ok 3DJAKE ABS Dark Green (nozzle 235°C / bed 105°C) https://www.3djake.com/3djake/abs-dark-green
2026-08-25T16:42:35.633Z generic ok 3DJAKE ABS Neon Yellow (nozzle 235°C / bed 105°C) https://www.3djake.com/3djake/abs-neon-yellow
2026-08-25T16:42:37.078Z generic ok 3DJAKE ABS Brown (nozzle 235°C / bed 105°C) https://www.3djake.com/3djake/abs-brown-2
2026-08-25T16:42:38.626Z generic ok 3DJAKE ABS Pink (nozzle 235°C / bed 105°C) https://www.3djake.com/3djake/abs-pink-4
2026-08-25T16:42:40.084Z generic ok 3DJAKE ABS Neon Green (nozzle 235°C / bed 105°C) https://www.3djake.com/3djake/abs-neon-green-1
2026-08-25T16:42:41.629Z generic ok 3DJAKE ABS Bronze (nozzle 235°C / bed 105°C) https://www.3djake.com/3djake/abs-bronze
2026-08-25T16:42:43.084Z generic ok 3DJAKE ABS Purple (nozzle 235°C / bed 105°C) https://www.3djake.com/3djake/abs-purple-4
2026-08-25T16:42:44.621Z generic ok 3DJAKE ABS Pastel Blue (nozzle 235°C / bed 105°C) https://www.3djake.com/3djake/abs-pastel-blue
